appid	release	name	observed_at	w1_observed	pre	eligible	n_fetched	b1	b2	b3	m	model_test_commit	code_commit
1008930	2026-09-24	Heisenberg 101	2026-10-01T12:58:11+00:00	1		0						84967679ec70967fb338c26b0b3ca46829e81ad8	1eccd13cacf247499327311d537e6138c5e4cb88
1017980	2026-09-21	SERPULA	2026-10-01T12:58:12+00:00	2		0						84967679ec70967fb338c26b0b3ca46829e81ad8	1eccd13cacf247499327311d537e6138c5e4cb88
1133700	2026-09-22	Curve Fever Pro	2026-10-01T12:58:20+00:00	61	0	1	61	192.9	161.5	180.4	134.9	84967679ec70967fb338c26b0b3ca46829e81ad8	1eccd13cacf247499327311d537e6138c5e4cb88
1221950	2026-09-22	Nighthawks	2026-10-01T12:58:24+00:00	152	0	1	152	480.7	402.4	482.0	467.6	84967679ec70967fb338c26b0b3ca46829e81ad8	1eccd13cacf247499327311d537e6138c5e4cb88
1352890	2026-09-21	Seekers Alliance: Hero's Journey	2026-10-01T12:58:31+00:00	23	0	1	23	72.7	60.9	63.2	76.7	84967679ec70967fb338c26b0b3ca46829e81ad8	1eccd13cacf247499327311d537e6138c5e4cb88
1374860	2026-09-22	Nocturne	2026-10-01T12:58:36+00:00	371	0	1	371	1173.2	982.1	1259.2	2239.7	84967679ec70967fb338c26b0b3ca46829e81ad8	1eccd13cacf247499327311d537e6138c5e4cb88
1446900	2026-09-23	Fallen Tear: The Ascension	2026-10-01T12:58:46+00:00	85	309	0						84967679ec70967fb338c26b0b3ca46829e81ad8	1eccd13cacf247499327311d537e6138c5e4cb88
1568460	2026-09-23	NIOS	2026-10-01T12:58:47+00:00	0		0						84967679ec70967fb338c26b0b3ca46829e81ad8	1eccd13cacf247499327311d537e6138c5e4cb88
1587380	2026-09-22	Little Ghost	2026-10-01T12:58:48+00:00	9		0						84967679ec70967fb338c26b0b3ca46829e81ad8	1eccd13cacf247499327311d537e6138c5e4cb88
1611690	2026-09-23	Five Elements Chess	2026-10-01T12:58:50+00:00	10	0	1	10	31.6	26.5	25.8	24.8	84967679ec70967fb338c26b0b3ca46829e81ad8	1eccd13cacf247499327311d537e6138c5e4cb88
1636440	2026-09-23	SILENT HILL: Townfall	2026-10-01T12:58:53+00:00	3428	538	0						84967679ec70967fb338c26b0b3ca46829e81ad8	1eccd13cacf247499327311d537e6138c5e4cb88
1800470	2026-09-22	Moonwakers	2026-10-01T12:58:54+00:00	2		0						84967679ec70967fb338c26b0b3ca46829e81ad8	1eccd13cacf247499327311d537e6138c5e4cb88
1833080	2026-09-24	Goofy Dungeon	2026-10-01T12:58:54+00:00	6		0						84967679ec70967fb338c26b0b3ca46829e81ad8	1eccd13cacf247499327311d537e6138c5e4cb88
1935810	2026-09-24	Diamond Hunt	2026-10-01T12:58:55+00:00	0		0						84967679ec70967fb338c26b0b3ca46829e81ad8	1eccd13cacf247499327311d537e6138c5e4cb88
2085540	2026-09-23	Stick It to the Stickman	2026-10-01T12:58:56+00:00	461	8472	0						84967679ec70967fb338c26b0b3ca46829e81ad8	1eccd13cacf247499327311d537e6138c5e4cb88
2132190	2026-09-24	Capoeirogue	2026-10-01T12:58:57+00:00	0		0						84967679ec70967fb338c26b0b3ca46829e81ad8	1eccd13cacf247499327311d537e6138c5e4cb88
2132610	2026-09-21	Thanks for the Soup	2026-10-01T12:58:58+00:00	7		0						84967679ec70967fb338c26b0b3ca46829e81ad8	1eccd13cacf247499327311d537e6138c5e4cb88
2140700	2026-09-21	SO BELOW	2026-10-01T12:59:02+00:00	11	72	0						84967679ec70967fb338c26b0b3ca46829e81ad8	1eccd13cacf247499327311d537e6138c5e4cb88
2221850	2026-09-22	EbiTapes	2026-10-01T12:59:03+00:00	12	0	1	12	37.9	31.8	31.4	26.9	84967679ec70967fb338c26b0b3ca46829e81ad8	1eccd13cacf247499327311d537e6138c5e4cb88
2343580	2026-09-21	Ghoul Fright	2026-10-01T12:59:05+00:00	0		0						84967679ec70967fb338c26b0b3ca46829e81ad8	1eccd13cacf247499327311d537e6138c5e4cb88
2390160	2026-09-24	琉璃烟火-Flame in Glass-	2026-10-01T12:59:11+00:00	129	0	1	129	407.9	341.5	404.0	372.5	84967679ec70967fb338c26b0b3ca46829e81ad8	1eccd13cacf247499327311d537e6138c5e4cb88
2438180	2026-09-24	Doggy Don't Care	2026-10-01T12:59:17+00:00	67	0	1	67	211.9	177.4	199.6	169.1	84967679ec70967fb338c26b0b3ca46829e81ad8	1eccd13cacf247499327311d537e6138c5e4cb88
2443170	2026-09-24	Survivor Challenge TD	2026-10-01T12:59:19+00:00	0		0						84967679ec70967fb338c26b0b3ca46829e81ad8	1eccd13cacf247499327311d537e6138c5e4cb88
2514330	2026-09-21	The Rabbit Haul	2026-10-01T12:59:20+00:00	37	0	1	37	117.0	97.9	105.3	126.6	84967679ec70967fb338c26b0b3ca46829e81ad8	1eccd13cacf247499327311d537e6138c5e4cb88
2538870	2026-09-22	False Hero	2026-10-01T12:59:23+00:00	201	0	1	201	635.6	532.1	651.1	849.1	84967679ec70967fb338c26b0b3ca46829e81ad8	1eccd13cacf247499327311d537e6138c5e4cb88
2555000	2026-09-23	Waaaaaa: A Prehistoric Adventure With Aliens	2026-10-01T12:59:26+00:00	3		0						84967679ec70967fb338c26b0b3ca46829e81ad8	1eccd13cacf247499327311d537e6138c5e4cb88
2582140	2026-09-24	Seafarer: The Ship Sim	2026-10-01T12:59:27+00:00	69	2146	0						84967679ec70967fb338c26b0b3ca46829e81ad8	1eccd13cacf247499327311d537e6138c5e4cb88
2626560	2026-09-23	Reflection Witch	2026-10-01T12:59:28+00:00	2		0						84967679ec70967fb338c26b0b3ca46829e81ad8	1eccd13cacf247499327311d537e6138c5e4cb88
2636430	2026-09-21	Soggy Beans	2026-10-01T12:59:31+00:00	21	0	1	21	66.4	55.6	57.3	52.7	84967679ec70967fb338c26b0b3ca46829e81ad8	1eccd13cacf247499327311d537e6138c5e4cb88
2698960	2026-09-23	Fleeting Shores	2026-10-01T12:59:34+00:00	19	0	1	19	60.1	50.3	51.4	35.8	84967679ec70967fb338c26b0b3ca46829e81ad8	1eccd13cacf247499327311d537e6138c5e4cb88
2710040	2026-09-21	Delverium	2026-10-01T12:59:36+00:00	147	0	1	147	464.9	389.1	464.9	547.8	84967679ec70967fb338c26b0b3ca46829e81ad8	1eccd13cacf247499327311d537e6138c5e4cb88
2712590	2026-09-24	Dragon Shelter	2026-10-01T12:59:39+00:00	242	0	1	242	765.3	640.6	795.0	825.3	84967679ec70967fb338c26b0b3ca46829e81ad8	1eccd13cacf247499327311d537e6138c5e4cb88
2713120	2026-09-23	Furyball: Rogue Revenge	2026-10-01T12:59:43+00:00	29	0	1	29	91.7	76.8	81.1	80.9	84967679ec70967fb338c26b0b3ca46829e81ad8	1eccd13cacf247499327311d537e6138c5e4cb88
2757640	2026-09-23	Mannequin Mayhem - Physics Ragdoll Shooter	2026-10-01T12:59:45+00:00	0		0						84967679ec70967fb338c26b0b3ca46829e81ad8	1eccd13cacf247499327311d537e6138c5e4cb88
2760580	2026-09-24	Mars Attracts	2026-10-01T12:59:46+00:00	33	269	0						84967679ec70967fb338c26b0b3ca46829e81ad8	1eccd13cacf247499327311d537e6138c5e4cb88
2781680	2026-09-21	The Stickman	2026-10-01T12:59:47+00:00	1		0						84967679ec70967fb338c26b0b3ca46829e81ad8	1eccd13cacf247499327311d537e6138c5e4cb88
2796640	2026-09-24	The Magus Circle	2026-10-01T12:59:48+00:00	318	0	1	318	1005.6	841.8	1066.7	1076.3	84967679ec70967fb338c26b0b3ca46829e81ad8	1eccd13cacf247499327311d537e6138c5e4cb88
2845430	2026-09-24	The Witch's Redemption	2026-10-01T12:59:53+00:00	1		0						84967679ec70967fb338c26b0b3ca46829e81ad8	1eccd13cacf247499327311d537e6138c5e4cb88
2876200	2026-09-22	eXoSpace Combat Engineer	2026-10-01T12:59:54+00:00	66	51	0						84967679ec70967fb338c26b0b3ca46829e81ad8	1eccd13cacf247499327311d537e6138c5e4cb88
2932680	2026-09-23	Nomori	2026-10-01T12:59:55+00:00	56	0	1	56	177.1	148.2	164.6	151.2	84967679ec70967fb338c26b0b3ca46829e81ad8	1eccd13cacf247499327311d537e6138c5e4cb88
2985880	2026-09-24	Farming Camp	2026-10-01T12:59:58+00:00	37	0	1	37	117.0	97.9	105.3	99.1	84967679ec70967fb338c26b0b3ca46829e81ad8	1eccd13cacf247499327311d537e6138c5e4cb88
2999500	2026-09-22	STUNTBOOST	2026-10-01T13:00:00+00:00	186	0	1	186	588.2	492.4	598.9	578.8	84967679ec70967fb338c26b0b3ca46829e81ad8	1eccd13cacf247499327311d537e6138c5e4cb88
3006090	2026-09-21	Crystant	2026-10-01T13:00:03+00:00	0		0						84967679ec70967fb338c26b0b3ca46829e81ad8	1eccd13cacf247499327311d537e6138c5e4cb88
3008700	2026-09-21	Eagle Knight Paradox	2026-10-01T13:00:05+00:00	37	0	1	37	117.0	97.9	105.3	91.0	84967679ec70967fb338c26b0b3ca46829e81ad8	1eccd13cacf247499327311d537e6138c5e4cb88
3020510	2026-09-23	Heroes' Vow: Three Kingdoms	2026-10-01T13:00:07+00:00	376	8145	0						84967679ec70967fb338c26b0b3ca46829e81ad8	1eccd13cacf247499327311d537e6138c5e4cb88
3042790	2026-09-21	Scirocco Thugs	2026-10-01T13:00:11+00:00	72	0	1	72	227.7	190.6	215.7	187.1	84967679ec70967fb338c26b0b3ca46829e81ad8	1eccd13cacf247499327311d537e6138c5e4cb88
3056390	2026-09-23	HAELE 3D - Portrait Studio Pro - Drawing References	2026-10-01T13:00:13+00:00	6		0						84967679ec70967fb338c26b0b3ca46829e81ad8	1eccd13cacf247499327311d537e6138c5e4cb88
3068230	2026-09-21	Mad Metal	2026-10-01T13:00:15+00:00	17	0	1	17	53.8	45.0	45.6	41.0	84967679ec70967fb338c26b0b3ca46829e81ad8	1eccd13cacf247499327311d537e6138c5e4cb88
3077650	2026-09-21	Parasited Will	2026-10-01T13:00:16+00:00	0		0						84967679ec70967fb338c26b0b3ca46829e81ad8	1eccd13cacf247499327311d537e6138c5e4cb88
3103780	2026-09-23	DRAPLINE	2026-10-01T13:00:18+00:00	440	1907	0						84967679ec70967fb338c26b0b3ca46829e81ad8	1eccd13cacf247499327311d537e6138c5e4cb88
3122470	2026-09-24	Boulder Smash	2026-10-01T13:00:19+00:00	19	0	1	19	60.1	50.3	51.4	36.1	84967679ec70967fb338c26b0b3ca46829e81ad8	1eccd13cacf247499327311d537e6138c5e4cb88
3129050	2026-09-21	Echoes of Mora	2026-10-01T13:00:21+00:00	29	0	1	29	91.7	76.8	81.1	54.3	84967679ec70967fb338c26b0b3ca46829e81ad8	1eccd13cacf247499327311d537e6138c5e4cb88
3131810	2026-09-22	EMOJI JACKPOT: Word Finder	2026-10-01T13:00:23+00:00	0		0						84967679ec70967fb338c26b0b3ca46829e81ad8	1eccd13cacf247499327311d537e6138c5e4cb88
3158820	2026-09-24	Kalanoro	2026-10-01T13:00:25+00:00	22	0	1	22	69.6	58.2	60.2	66.2	84967679ec70967fb338c26b0b3ca46829e81ad8	1eccd13cacf247499327311d537e6138c5e4cb88
3169570	2026-09-24	Travel Agency Simulator	2026-10-01T13:00:26+00:00	9		0						84967679ec70967fb338c26b0b3ca46829e81ad8	1eccd13cacf247499327311d537e6138c5e4cb88
3179120	2026-09-24	Monastery: Ora et Labora	2026-10-01T13:00:28+00:00	87	0	1	87	275.1	230.3	264.4	354.2	84967679ec70967fb338c26b0b3ca46829e81ad8	1eccd13cacf247499327311d537e6138c5e4cb88
3183450	2026-09-24	魔法之境 Magic Realm	2026-10-01T13:00:31+00:00	55	0	1	55	173.9	145.6	161.4	121.9	84967679ec70967fb338c26b0b3ca46829e81ad8	1eccd13cacf247499327311d537e6138c5e4cb88
3191280	2026-09-23	Brother, Get The Oats	2026-10-01T13:00:32+00:00	1		0						84967679ec70967fb338c26b0b3ca46829e81ad8	1eccd13cacf247499327311d537e6138c5e4cb88
3192880	2026-09-21	Nettle	2026-10-01T13:00:33+00:00	0		0						84967679ec70967fb338c26b0b3ca46829e81ad8	1eccd13cacf247499327311d537e6138c5e4cb88
3207150	2026-09-22	Rogue Snake	2026-10-01T13:00:34+00:00	17	0	1	17	53.8	45.0	45.6	46.1	84967679ec70967fb338c26b0b3ca46829e81ad8	1eccd13cacf247499327311d537e6138c5e4cb88
3208930	2026-09-22	Galvatein : Adventurers' Guild	2026-10-01T13:00:37+00:00	460	0	1	460	1454.6	1217.7	1587.1	963.1	84967679ec70967fb338c26b0b3ca46829e81ad8	1eccd13cacf247499327311d537e6138c5e4cb88
3240010	2026-09-22	GREGS: Linked Together	2026-10-01T13:00:42+00:00	9		0						84967679ec70967fb338c26b0b3ca46829e81ad8	1eccd13cacf247499327311d537e6138c5e4cb88
3245060	2026-09-22	Flutter Plane	2026-10-01T13:00:42+00:00	1		0						84967679ec70967fb338c26b0b3ca46829e81ad8	1eccd13cacf247499327311d537e6138c5e4cb88
3255500	2026-09-21	Ved: Recure	2026-10-01T13:00:44+00:00	611	0	1	611	1932.2	1617.4	2154.1	1669.6	84967679ec70967fb338c26b0b3ca46829e81ad8	1eccd13cacf247499327311d537e6138c5e4cb88
3287950	2026-09-21	Carnaval Marbles	2026-10-01T13:00:52+00:00	17	0	1	17	53.8	45.0	45.6	46.6	84967679ec70967fb338c26b0b3ca46829e81ad8	1eccd13cacf247499327311d537e6138c5e4cb88
3319700	2026-09-22	新世界：暗影成双	2026-10-01T13:00:55+00:00	430	0	1	430	1359.8	1138.3	1475.9	1426.0	84967679ec70967fb338c26b0b3ca46829e81ad8	1eccd13cacf247499327311d537e6138c5e4cb88
3374640	2026-09-22	Crown Of Hispania	2026-10-01T13:01:01+00:00	38	0	1	38	120.2	100.6	108.4	84.5	84967679ec70967fb338c26b0b3ca46829e81ad8	1eccd13cacf247499327311d537e6138c5e4cb88
3410670	2026-09-23	Fusty Dungeon	2026-10-01T13:01:03+00:00	14	0	1	14	44.3	37.1	37.0	37.2	84967679ec70967fb338c26b0b3ca46829e81ad8	1eccd13cacf247499327311d537e6138c5e4cb88
3419120	2026-09-23	DEVIL'S WAY: BOHEMIAN	2026-10-01T13:07:12+00:00	16	0	1	16	50.6	42.4	42.7	37.7	84967679ec70967fb338c26b0b3ca46829e81ad8	1eccd13cacf247499327311d537e6138c5e4cb88
3431300	2026-09-23	Slow Roads	2026-10-01T13:07:20+00:00	719	0	1	719	2273.7	1903.3	2566.5	2372.2	84967679ec70967fb338c26b0b3ca46829e81ad8	1eccd13cacf247499327311d537e6138c5e4cb88
3445190	2026-09-22	Breakout Garage	2026-10-01T13:07:32+00:00	129	0	1	129	407.9	341.5	404.0	306.5	84967679ec70967fb338c26b0b3ca46829e81ad8	1eccd13cacf247499327311d537e6138c5e4cb88
3484100	2026-09-22	Bait Soul	2026-10-01T13:07:40+00:00	112	0	1	112	354.2	296.5	347.0	269.6	84967679ec70967fb338c26b0b3ca46829e81ad8	1eccd13cacf247499327311d537e6138c5e4cb88
3489680	2026-09-22	Packed Lair	2026-10-01T13:07:43+00:00	25	0	1	25	79.1	66.2	69.1	53.2	84967679ec70967fb338c26b0b3ca46829e81ad8	1eccd13cacf247499327311d537e6138c5e4cb88
3503090	2026-09-23	Night Wish	2026-10-01T13:07:45+00:00	2		0						84967679ec70967fb338c26b0b3ca46829e81ad8	1eccd13cacf247499327311d537e6138c5e4cb88
3510740	2026-09-21	Normal Golf Game	2026-10-01T13:07:49+00:00	870	0	1	870	2751.2	2303.1	3151.0	5092.2	84967679ec70967fb338c26b0b3ca46829e81ad8	1eccd13cacf247499327311d537e6138c5e4cb88
3515630	2026-09-23	BABELOMANIA	2026-10-01T13:07:57+00:00	2		0						84967679ec70967fb338c26b0b3ca46829e81ad8	1eccd13cacf247499327311d537e6138c5e4cb88
3565480	2026-09-21	Roadhouse Simulator	2026-10-01T13:08:03+00:00	245	0	1	245	774.8	648.6	805.7	725.1	84967679ec70967fb338c26b0b3ca46829e81ad8	1eccd13cacf247499327311d537e6138c5e4cb88
3602640	2026-09-24	Hell Of War: Combined Arms	2026-10-01T13:08:12+00:00	12	0	1	12	37.9	31.8	31.4	32.4	84967679ec70967fb338c26b0b3ca46829e81ad8	1eccd13cacf247499327311d537e6138c5e4cb88
3612630	2026-09-23	Monitor State	2026-10-01T13:08:16+00:00	11	0	1	11	34.8	29.1	28.6	29.0	84967679ec70967fb338c26b0b3ca46829e81ad8	1eccd13cacf247499327311d537e6138c5e4cb88
3613050	2026-09-22	Gravebound	2026-10-01T13:08:18+00:00	84	0	1	84	265.6	222.4	254.6	225.7	84967679ec70967fb338c26b0b3ca46829e81ad8	1eccd13cacf247499327311d537e6138c5e4cb88
3623530	2026-09-21	Deified	2026-10-01T13:08:24+00:00	126	281	0						84967679ec70967fb338c26b0b3ca46829e81ad8	1eccd13cacf247499327311d537e6138c5e4cb88
3623600	2026-09-23	Evergrow: Shards of Tomorrow	2026-10-01T13:08:25+00:00	14	0	1	14	44.3	37.1	37.0	22.2	84967679ec70967fb338c26b0b3ca46829e81ad8	1eccd13cacf247499327311d537e6138c5e4cb88
3631720	2026-09-23	Log Defense	2026-10-01T13:08:27+00:00	3		0						84967679ec70967fb338c26b0b3ca46829e81ad8	1eccd13cacf247499327311d537e6138c5e4cb88
3640740	2026-09-22	Anomaly Protocol	2026-10-01T13:08:29+00:00	15	45	0						84967679ec70967fb338c26b0b3ca46829e81ad8	1eccd13cacf247499327311d537e6138c5e4cb88
3664670	2026-09-21	Kick Bot DX	2026-10-01T13:08:31+00:00	11	0	1	11	34.8	29.1	28.6	21.3	84967679ec70967fb338c26b0b3ca46829e81ad8	1eccd13cacf247499327311d537e6138c5e4cb88
3669870	2026-09-24	CONTROL Resonant	2026-10-01T13:08:33+00:00	9501	0	1	9501	30044.8	25151.2	41287.2	74045.8	84967679ec70967fb338c26b0b3ca46829e81ad8	1eccd13cacf247499327311d537e6138c5e4cb88
3681780	2026-09-23	WinMon	2026-10-01T13:15:47+00:00	76	0	1	76	240.3	201.2	228.6	241.9	84967679ec70967fb338c26b0b3ca46829e81ad8	1eccd13cacf247499327311d537e6138c5e4cb88
3699590	2026-09-22	Well Dweller	2026-10-01T13:15:50+00:00	1451	0	1	1451	4588.5	3841.1	5464.1	18868.2	84967679ec70967fb338c26b0b3ca46829e81ad8	1eccd13cacf247499327311d537e6138c5e4cb88
3702140	2026-09-24	Gunblade Ranger	2026-10-01T13:16:06+00:00	21	0	1	21	66.4	55.6	57.3	46.1	84967679ec70967fb338c26b0b3ca46829e81ad8	1eccd13cacf247499327311d537e6138c5e4cb88
3721840	2026-09-22	Important People of History: Presidents - Abraham Lincoln	2026-10-01T13:16:08+00:00	0		0						84967679ec70967fb338c26b0b3ca46829e81ad8	1eccd13cacf247499327311d537e6138c5e4cb88
3730110	2026-09-24	Nightmare Invasion	2026-10-01T13:16:09+00:00	1		0						84967679ec70967fb338c26b0b3ca46829e81ad8	1eccd13cacf247499327311d537e6138c5e4cb88
3738450	2026-09-23	Dash Dot Die	2026-10-01T13:16:09+00:00	7		0						84967679ec70967fb338c26b0b3ca46829e81ad8	1eccd13cacf247499327311d537e6138c5e4cb88
3761610	2026-09-24	Coin &amp; Cauldron	2026-10-01T13:16:10+00:00	4		0						84967679ec70967fb338c26b0b3ca46829e81ad8	1eccd13cacf247499327311d537e6138c5e4cb88
3789080	2026-09-24	HIROTONFA’s American Revolution Smuggler	2026-10-01T13:16:13+00:00	125	0	1	125	395.3	330.9	390.5	340.1	84967679ec70967fb338c26b0b3ca46829e81ad8	1eccd13cacf247499327311d537e6138c5e4cb88
3804370	2026-09-22	The Piper of Dawn	2026-10-01T13:16:16+00:00	430	0	1	430	1359.8	1138.3	1475.9	1618.7	84967679ec70967fb338c26b0b3ca46829e81ad8	1eccd13cacf247499327311d537e6138c5e4cb88
3806270	2026-09-24	Container Terminal Simulator	2026-10-01T13:16:21+00:00	4		0						84967679ec70967fb338c26b0b3ca46829e81ad8	1eccd13cacf247499327311d537e6138c5e4cb88
3807690	2026-09-22	Yami Kids	2026-10-01T13:16:24+00:00	18	0	1	18	56.9	47.6	48.5	70.8	84967679ec70967fb338c26b0b3ca46829e81ad8	1eccd13cacf247499327311d537e6138c5e4cb88
3818160	2026-09-24	奇兽杂货铺	2026-10-01T13:16:27+00:00	75	0	1	75	237.2	198.5	225.4	158.1	84967679ec70967fb338c26b0b3ca46829e81ad8	1eccd13cacf247499327311d537e6138c5e4cb88
3831210	2026-09-23	Lawn Mowing Simulator 2	2026-10-01T13:16:30+00:00	139	0	1	139	439.6	368.0	437.8	335.7	84967679ec70967fb338c26b0b3ca46829e81ad8	1eccd13cacf247499327311d537e6138c5e4cb88
3834340	2026-09-24	Mayor Life Simulator	2026-10-01T13:16:38+00:00	14	0	1	14	44.3	37.1	37.0	29.9	84967679ec70967fb338c26b0b3ca46829e81ad8	1eccd13cacf247499327311d537e6138c5e4cb88
3836120	2026-09-24	Land of Glarefall	2026-10-01T13:16:44+00:00	243	0	1	243	768.4	643.3	798.6	607.9	84967679ec70967fb338c26b0b3ca46829e81ad8	1eccd13cacf247499327311d537e6138c5e4cb88
3850970	2026-09-23	Mystery Egg Shop Simulator	2026-10-01T13:16:52+00:00	60	0	1	60	189.7	158.8	177.2	256.3	84967679ec70967fb338c26b0b3ca46829e81ad8	1eccd13cacf247499327311d537e6138c5e4cb88
3851170	2026-09-23	Noir	2026-10-01T13:16:54+00:00	2		0						84967679ec70967fb338c26b0b3ca46829e81ad8	1eccd13cacf247499327311d537e6138c5e4cb88
3859130	2026-09-22	Sproutmart – Grocery Store Simulator	2026-10-01T13:17:03+00:00	23	0	1	23	72.7	60.9	63.2	71.5	84967679ec70967fb338c26b0b3ca46829e81ad8	1eccd13cacf247499327311d537e6138c5e4cb88
3861710	2026-09-23	Otterly Lost	2026-10-01T13:17:12+00:00	188	0	1	188	594.5	497.7	605.9	732.8	84967679ec70967fb338c26b0b3ca46829e81ad8	1eccd13cacf247499327311d537e6138c5e4cb88
3870990	2026-09-23	Silky Rails	2026-10-01T13:17:20+00:00	20	0	1	20	63.2	52.9	54.3	37.6	84967679ec70967fb338c26b0b3ca46829e81ad8	1eccd13cacf247499327311d537e6138c5e4cb88
3872650	2026-09-22	Panzer Deck	2026-10-01T13:17:29+00:00	43	0	1	43	136.0	113.8	123.8	111.9	84967679ec70967fb338c26b0b3ca46829e81ad8	1eccd13cacf247499327311d537e6138c5e4cb88
3874130	2026-09-21	Micro Solar Punk	2026-10-01T13:17:35+00:00	18	0	1	18	56.9	47.6	48.5	34.5	84967679ec70967fb338c26b0b3ca46829e81ad8	1eccd13cacf247499327311d537e6138c5e4cb88
3880400	2026-09-24	FRUKT	2026-10-01T13:17:41+00:00	236	0	1	236	746.3	624.7	773.9	773.8	84967679ec70967fb338c26b0b3ca46829e81ad8	1eccd13cacf247499327311d537e6138c5e4cb88
3882410	2026-09-23	Qliphah in Providence's Shadow	2026-10-01T13:17:52+00:00	99	0	1	99	313.1	262.1	303.8	211.5	84967679ec70967fb338c26b0b3ca46829e81ad8	1eccd13cacf247499327311d537e6138c5e4cb88
3882630	2026-09-22	SOMNIUS	2026-10-01T13:17:55+00:00	5		0						84967679ec70967fb338c26b0b3ca46829e81ad8	1eccd13cacf247499327311d537e6138c5e4cb88
3887240	2026-09-24	Palm Simulator 2	2026-10-01T13:17:55+00:00	9		0						84967679ec70967fb338c26b0b3ca46829e81ad8	1eccd13cacf247499327311d537e6138c5e4cb88
3891030	2026-09-21	Back to 21	2026-10-01T13:17:56+00:00	1		0						84967679ec70967fb338c26b0b3ca46829e81ad8	1eccd13cacf247499327311d537e6138c5e4cb88
3892380	2026-09-23	Frog Pond Simulator	2026-10-01T13:17:59+00:00	10	0	1	10	31.6	26.5	25.8	19.6	84967679ec70967fb338c26b0b3ca46829e81ad8	1eccd13cacf247499327311d537e6138c5e4cb88
3895440	2026-09-22	Trailquest MTB	2026-10-01T13:18:00+00:00	5		0						84967679ec70967fb338c26b0b3ca46829e81ad8	1eccd13cacf247499327311d537e6138c5e4cb88
3911500	2026-09-22	Slay The King	2026-10-01T13:18:01+00:00	0		0						84967679ec70967fb338c26b0b3ca46829e81ad8	1eccd13cacf247499327311d537e6138c5e4cb88
3923180	2026-09-23	SELF_NOT_FOUND	2026-10-01T13:18:02+00:00	2		0						84967679ec70967fb338c26b0b3ca46829e81ad8	1eccd13cacf247499327311d537e6138c5e4cb88
3926990	2026-09-22	WilderDash	2026-10-01T13:18:02+00:00	5		0						84967679ec70967fb338c26b0b3ca46829e81ad8	1eccd13cacf247499327311d537e6138c5e4cb88
3930950	2026-09-22	FARCRAFT	2026-10-01T13:18:03+00:00	0		0						84967679ec70967fb338c26b0b3ca46829e81ad8	1eccd13cacf247499327311d537e6138c5e4cb88
3932790	2026-09-24	Garfield - Escape from Monday	2026-10-01T13:18:06+00:00	66	0	1	66	208.7	174.7	196.4	128.9	84967679ec70967fb338c26b0b3ca46829e81ad8	1eccd13cacf247499327311d537e6138c5e4cb88
3936270	2026-09-23	It's Fine	2026-10-01T13:18:09+00:00	410	0	1	410	1296.5	1085.4	1402.2	2902.0	84967679ec70967fb338c26b0b3ca46829e81ad8	1eccd13cacf247499327311d537e6138c5e4cb88
3936290	2026-09-24	TUNESTRIKE	2026-10-01T13:18:13+00:00	2		0						84967679ec70967fb338c26b0b3ca46829e81ad8	1eccd13cacf247499327311d537e6138c5e4cb88
3949530	2026-09-24	Chesscape Room	2026-10-01T13:18:14+00:00	0		0						84967679ec70967fb338c26b0b3ca46829e81ad8	1eccd13cacf247499327311d537e6138c5e4cb88
3949620	2026-09-21	Video Game Menu: The Game	2026-10-01T13:18:19+00:00	20	0	1	20	63.2	52.9	54.3	55.5	84967679ec70967fb338c26b0b3ca46829e81ad8	1eccd13cacf247499327311d537e6138c5e4cb88
3951360	2026-09-24	3-Bit Explorer	2026-10-01T13:18:21+00:00	1		0						84967679ec70967fb338c26b0b3ca46829e81ad8	1eccd13cacf247499327311d537e6138c5e4cb88
3952050	2026-09-24	Turtle Game	2026-10-01T13:18:22+00:00	0		0						84967679ec70967fb338c26b0b3ca46829e81ad8	1eccd13cacf247499327311d537e6138c5e4cb88
3954380	2026-09-24	Super Flying Vroom Vroom	2026-10-01T13:18:25+00:00	10	0	1	10	31.6	26.5	25.8	22.5	84967679ec70967fb338c26b0b3ca46829e81ad8	1eccd13cacf247499327311d537e6138c5e4cb88
3969340	2026-09-24	Bibi &amp; Tina – Ready, Set, Ride!	2026-10-01T13:18:27+00:00	4		0						84967679ec70967fb338c26b0b3ca46829e81ad8	1eccd13cacf247499327311d537e6138c5e4cb88
3972190	2026-09-24	Mineral Mining Simulator	2026-10-01T13:18:27+00:00	9		0						84967679ec70967fb338c26b0b3ca46829e81ad8	1eccd13cacf247499327311d537e6138c5e4cb88
3978120	2026-09-23	Vinyl Freak: Unsorted	2026-10-01T13:18:29+00:00	10	0	1	10	31.6	26.5	25.8	22.5	84967679ec70967fb338c26b0b3ca46829e81ad8	1eccd13cacf247499327311d537e6138c5e4cb88
3993880	2026-09-23	Rogue Bang	2026-10-01T13:18:30+00:00	1		0						84967679ec70967fb338c26b0b3ca46829e81ad8	1eccd13cacf247499327311d537e6138c5e4cb88
3996660	2026-09-21	Guinea Pig Gunner	2026-10-01T13:18:31+00:00	2		0						84967679ec70967fb338c26b0b3ca46829e81ad8	1eccd13cacf247499327311d537e6138c5e4cb88
3997000	2026-09-23	The Dagger of Hisei	2026-10-01T13:18:32+00:00	2		0						84967679ec70967fb338c26b0b3ca46829e81ad8	1eccd13cacf247499327311d537e6138c5e4cb88
4019220	2026-09-21	Dressmaker	2026-10-01T13:18:33+00:00	4878	0	1	4878	15425.6	12913.1	20147.6	57150.5	84967679ec70967fb338c26b0b3ca46829e81ad8	1eccd13cacf247499327311d537e6138c5e4cb88
4026060	2026-09-24	All Roads Connected	2026-10-01T13:25:11+00:00	8		0						84967679ec70967fb338c26b0b3ca46829e81ad8	1eccd13cacf247499327311d537e6138c5e4cb88
4064010	2026-09-21	Food for Frog	2026-10-01T13:25:11+00:00	2		0						84967679ec70967fb338c26b0b3ca46829e81ad8	1eccd13cacf247499327311d537e6138c5e4cb88
406890	2026-09-22	Fruit Golf	2026-10-01T13:25:12+00:00	0		0						84967679ec70967fb338c26b0b3ca46829e81ad8	1eccd13cacf247499327311d537e6138c5e4cb88
4080220	2026-09-24	EA SPORTS FC™ 27	2026-10-01T13:25:13+00:00	3417	2325	0						84967679ec70967fb338c26b0b3ca46829e81ad8	1eccd13cacf247499327311d537e6138c5e4cb88
4083670	2026-09-23	Wobble Rumble	2026-10-01T13:25:14+00:00	5		0						84967679ec70967fb338c26b0b3ca46829e81ad8	1eccd13cacf247499327311d537e6138c5e4cb88
4084120	2026-09-24	CODEX MORTIS	2026-10-01T13:25:15+00:00	19	76	0						84967679ec70967fb338c26b0b3ca46829e81ad8	1eccd13cacf247499327311d537e6138c5e4cb88
4091090	2026-09-23	Cropageddon	2026-10-01T13:25:16+00:00	2		0						84967679ec70967fb338c26b0b3ca46829e81ad8	1eccd13cacf247499327311d537e6138c5e4cb88
4094660	2026-09-22	Rivage	2026-10-01T13:25:23+00:00	333	0	1	333	1053.0	881.5	1120.9	1225.8	84967679ec70967fb338c26b0b3ca46829e81ad8	1eccd13cacf247499327311d537e6138c5e4cb88
4103290	2026-09-23	Stunted Gravity	2026-10-01T13:25:27+00:00	0		0						84967679ec70967fb338c26b0b3ca46829e81ad8	1eccd13cacf247499327311d537e6138c5e4cb88
4120110	2026-09-23	Bombs vs Bots	2026-10-01T13:25:27+00:00	1		0						84967679ec70967fb338c26b0b3ca46829e81ad8	1eccd13cacf247499327311d537e6138c5e4cb88
4121430	2026-09-24	Oh!Ware	2026-10-01T13:25:31+00:00	23	0	1	23	72.7	60.9	63.2	63.8	84967679ec70967fb338c26b0b3ca46829e81ad8	1eccd13cacf247499327311d537e6138c5e4cb88
4122870	2026-09-21	Tung Tung Together: Online Deathrun Party	2026-10-01T13:25:32+00:00	2		0						84967679ec70967fb338c26b0b3ca46829e81ad8	1eccd13cacf247499327311d537e6138c5e4cb88
4128680	2026-09-24	高考移民：常安转校生 A Transfer Student from Chang'an	2026-10-01T13:25:33+00:00	7		0						84967679ec70967fb338c26b0b3ca46829e81ad8	1eccd13cacf247499327311d537e6138c5e4cb88
4133550	2026-09-23	Duola Mage	2026-10-01T13:25:34+00:00	15	0	1	15	47.4	39.7	39.9	37.6	84967679ec70967fb338c26b0b3ca46829e81ad8	1eccd13cacf247499327311d537e6138c5e4cb88
4146760	2026-09-23	Apocalypter	2026-10-01T13:25:37+00:00	361	0	1	361	1141.6	955.6	1222.7	2082.4	84967679ec70967fb338c26b0b3ca46829e81ad8	1eccd13cacf247499327311d537e6138c5e4cb88
4155880	2026-09-21	Lucky Break	2026-10-01T13:25:41+00:00	2		0						84967679ec70967fb338c26b0b3ca46829e81ad8	1eccd13cacf247499327311d537e6138c5e4cb88
4159550	2026-09-21	Formula 2.5	2026-10-01T13:25:42+00:00	4		0						84967679ec70967fb338c26b0b3ca46829e81ad8	1eccd13cacf247499327311d537e6138c5e4cb88
4169160	2026-09-22	妹控计划	2026-10-01T13:25:49+00:00	84	0	1	84	265.6	222.4	254.6	191.0	84967679ec70967fb338c26b0b3ca46829e81ad8	1eccd13cacf247499327311d537e6138c5e4cb88
4173820	2026-09-21	Veil of the Damned	2026-10-01T13:25:51+00:00	1		0						84967679ec70967fb338c26b0b3ca46829e81ad8	1eccd13cacf247499327311d537e6138c5e4cb88
4185750	2026-09-23	BONETOX	2026-10-01T13:25:52+00:00	17	0	1	17	53.8	45.0	45.6	33.9	84967679ec70967fb338c26b0b3ca46829e81ad8	1eccd13cacf247499327311d537e6138c5e4cb88
4216770	2026-09-23	Unanchored Spaceshooting	2026-10-01T13:25:54+00:00	1		0						84967679ec70967fb338c26b0b3ca46829e81ad8	1eccd13cacf247499327311d537e6138c5e4cb88
4218310	2026-09-22	Cité Alexandrie	2026-10-01T13:25:54+00:00	0		0						84967679ec70967fb338c26b0b3ca46829e81ad8	1eccd13cacf247499327311d537e6138c5e4cb88
4222380	2026-09-24	Capsulitas	2026-10-01T13:25:55+00:00	0		0						84967679ec70967fb338c26b0b3ca46829e81ad8	1eccd13cacf247499327311d537e6138c5e4cb88
4224560	2026-09-21	TINY CAT FISHING	2026-10-01T13:25:56+00:00	0		0						84967679ec70967fb338c26b0b3ca46829e81ad8	1eccd13cacf247499327311d537e6138c5e4cb88
4234950	2026-09-21	Upload Aliens	2026-10-01T13:25:59+00:00	10	0	1	10	31.6	26.5	25.8	16.9	84967679ec70967fb338c26b0b3ca46829e81ad8	1eccd13cacf247499327311d537e6138c5e4cb88
4235690	2026-09-24	The Sigil Engine	2026-10-01T13:26:00+00:00	0		0						84967679ec70967fb338c26b0b3ca46829e81ad8	1eccd13cacf247499327311d537e6138c5e4cb88
4236450	2026-09-23	Tattoo Shop Simulator	2026-10-01T13:26:02+00:00	33	0	1	33	104.4	87.4	93.1	103.6	84967679ec70967fb338c26b0b3ca46829e81ad8	1eccd13cacf247499327311d537e6138c5e4cb88
4239070	2026-09-23	BULLET CHAIN - Vessels	2026-10-01T13:26:03+00:00	2		0						84967679ec70967fb338c26b0b3ca46829e81ad8	1eccd13cacf247499327311d537e6138c5e4cb88
4245590	2026-09-22	Cupid Parasite	2026-10-01T13:26:06+00:00	28	0	1	28	88.5	74.1	78.0	110.4	84967679ec70967fb338c26b0b3ca46829e81ad8	1eccd13cacf247499327311d537e6138c5e4cb88
4246520	2026-09-23	Galaxy Hunter	2026-10-01T13:26:09+00:00	59	0	1	59	186.6	156.2	174.1	238.3	84967679ec70967fb338c26b0b3ca46829e81ad8	1eccd13cacf247499327311d537e6138c5e4cb88
4248520	2026-09-22	Isernsmith	2026-10-01T13:26:16+00:00	12	0	1	12	37.9	31.8	31.4	28.2	84967679ec70967fb338c26b0b3ca46829e81ad8	1eccd13cacf247499327311d537e6138c5e4cb88
4248790	2026-09-24	Substrate: Emergence	2026-10-01T13:26:24+00:00	30	0	1	30	94.9	79.4	84.1	72.7	84967679ec70967fb338c26b0b3ca46829e81ad8	1eccd13cacf247499327311d537e6138c5e4cb88
4250500	2026-09-24	Protocol 86: Chernobyl	2026-10-01T13:26:25+00:00	8		0						84967679ec70967fb338c26b0b3ca46829e81ad8	1eccd13cacf247499327311d537e6138c5e4cb88
4253510	2026-09-22	Machinery Simulator	2026-10-01T13:26:26+00:00	0		0						84967679ec70967fb338c26b0b3ca46829e81ad8	1eccd13cacf247499327311d537e6138c5e4cb88
4255080	2026-09-21	Pawns Survival	2026-10-01T13:26:27+00:00	0		0						84967679ec70967fb338c26b0b3ca46829e81ad8	1eccd13cacf247499327311d537e6138c5e4cb88
4259190	2026-09-24	Kingdom Rush 6: Genesis TD	2026-10-01T13:26:28+00:00	3409	0	1	3408	10780.2	9024.4	13700.9	14234.1	84967679ec70967fb338c26b0b3ca46829e81ad8	1eccd13cacf247499327311d537e6138c5e4cb88
4265740	2026-09-22	Gunclone Arena	2026-10-01T13:26:59+00:00	17	0	1	17	53.8	45.0	45.6	39.8	84967679ec70967fb338c26b0b3ca46829e81ad8	1eccd13cacf247499327311d537e6138c5e4cb88
4270850	2026-09-21	SCREENSIDE FISHER	2026-10-01T13:27:03+00:00	129	0	1	129	407.9	341.5	404.0	448.1	84967679ec70967fb338c26b0b3ca46829e81ad8	1eccd13cacf247499327311d537e6138c5e4cb88
4274990	2026-09-22	Minibus Simulator	2026-10-01T13:27:10+00:00	114	0	1	114	360.5	301.8	353.6	363.2	84967679ec70967fb338c26b0b3ca46829e81ad8	1eccd13cacf247499327311d537e6138c5e4cb88
4277000	2026-09-22	The Doomed Draw (大凶)	2026-10-01T13:27:15+00:00	10	0	1	10	31.6	26.5	25.8	28.8	84967679ec70967fb338c26b0b3ca46829e81ad8	1eccd13cacf247499327311d537e6138c5e4cb88
4280850	2026-09-23	Dig Too Deep	2026-10-01T13:27:20+00:00	18	0	1	18	56.9	47.6	48.5	43.5	84967679ec70967fb338c26b0b3ca46829e81ad8	1eccd13cacf247499327311d537e6138c5e4cb88
4285860	2026-09-23	Desktop Girl Chika	2026-10-01T13:27:22+00:00	0		0						84967679ec70967fb338c26b0b3ca46829e81ad8	1eccd13cacf247499327311d537e6138c5e4cb88
4286910	2026-09-21	EON Survivor	2026-10-01T13:27:28+00:00	19	0	1	19	60.1	50.3	51.4	63.5	84967679ec70967fb338c26b0b3ca46829e81ad8	1eccd13cacf247499327311d537e6138c5e4cb88
4287460	2026-09-22	POOL LOOP	2026-10-01T13:27:34+00:00	24	0	1	24	75.9	63.5	66.1	84.9	84967679ec70967fb338c26b0b3ca46829e81ad8	1eccd13cacf247499327311d537e6138c5e4cb88
4287720	2026-09-23	Tiny Farm Big Money Together	2026-10-01T13:27:36+00:00	1		0						84967679ec70967fb338c26b0b3ca46829e81ad8	1eccd13cacf247499327311d537e6138c5e4cb88
4288330	2026-09-23	Flow Legends	2026-10-01T13:27:36+00:00	2		0						84967679ec70967fb338c26b0b3ca46829e81ad8	1eccd13cacf247499327311d537e6138c5e4cb88
4289410	2026-09-21	BuGarden	2026-10-01T13:27:40+00:00	119	0	1	119	376.3	315.0	370.4	194.7	84967679ec70967fb338c26b0b3ca46829e81ad8	1eccd13cacf247499327311d537e6138c5e4cb88
4291520	2026-09-22	Sea Sweeper	2026-10-01T13:27:48+00:00	10	0	1	10	31.6	26.5	25.8	26.2	84967679ec70967fb338c26b0b3ca46829e81ad8	1eccd13cacf247499327311d537e6138c5e4cb88
4296850	2026-09-24	The Rounds of Six	2026-10-01T13:27:50+00:00	2		0						84967679ec70967fb338c26b0b3ca46829e81ad8	1eccd13cacf247499327311d537e6138c5e4cb88
4298380	2026-09-23	Idle Monkey Theorem	2026-10-01T13:27:57+00:00	11	0	1	11	34.8	29.1	28.6	19.0	84967679ec70967fb338c26b0b3ca46829e81ad8	1eccd13cacf247499327311d537e6138c5e4cb88
4300180	2026-09-21	Fruitbearer	2026-10-01T13:34:04+00:00	26	0	1	26	82.2	68.8	72.1	47.6	84967679ec70967fb338c26b0b3ca46829e81ad8	1eccd13cacf247499327311d537e6138c5e4cb88
4306590	2026-09-22	RogueHanafuda	2026-10-01T13:34:06+00:00	5		0						84967679ec70967fb338c26b0b3ca46829e81ad8	1eccd13cacf247499327311d537e6138c5e4cb88
4313120	2026-09-23	Simian Shakespeare	2026-10-01T13:34:07+00:00	1		0						84967679ec70967fb338c26b0b3ca46829e81ad8	1eccd13cacf247499327311d537e6138c5e4cb88
4326520	2026-09-24	When Work's A Bore	2026-10-01T13:34:08+00:00	1		0						84967679ec70967fb338c26b0b3ca46829e81ad8	1eccd13cacf247499327311d537e6138c5e4cb88
4327010	2026-09-22	姉妹道中千両箱 : Edo Village Nightmare	2026-10-01T13:34:08+00:00	1		0						84967679ec70967fb338c26b0b3ca46829e81ad8	1eccd13cacf247499327311d537e6138c5e4cb88
4335620	2026-09-21	Lootborne	2026-10-01T13:34:13+00:00	394	0	1	394	1245.9	1043.0	1343.4	1292.8	84967679ec70967fb338c26b0b3ca46829e81ad8	1eccd13cacf247499327311d537e6138c5e4cb88
4345100	2026-09-21	SlayQueen: The Gatekeeper	2026-10-01T13:34:17+00:00	0		0						84967679ec70967fb338c26b0b3ca46829e81ad8	1eccd13cacf247499327311d537e6138c5e4cb88
4358690	2026-09-22	Graveyard Keeper 2	2026-10-01T13:34:19+00:00	5654	0	1	5654	17879.5	14967.3	23616.9	91600.2	84967679ec70967fb338c26b0b3ca46829e81ad8	1eccd13cacf247499327311d537e6138c5e4cb88
4364730	2026-09-21	IGTAP: an Incremental Game That's Also a Platformer	2026-10-01T13:35:09+00:00	887	0	1	886	2804.9	2348.1	3217.3	2291.3	84967679ec70967fb338c26b0b3ca46829e81ad8	1eccd13cacf247499327311d537e6138c5e4cb88
4366980	2026-09-24	Best Puppy Certificate	2026-10-01T13:35:20+00:00	183	0	1	183	578.7	484.4	588.5	306.0	84967679ec70967fb338c26b0b3ca46829e81ad8	1eccd13cacf247499327311d537e6138c5e4cb88
4367070	2026-09-23	Antim Yatra	2026-10-01T13:35:23+00:00	0		0						84967679ec70967fb338c26b0b3ca46829e81ad8	1eccd13cacf247499327311d537e6138c5e4cb88
4384040	2026-09-22	Age Of GoldFarmers	2026-10-01T13:35:23+00:00	5		0						84967679ec70967fb338c26b0b3ca46829e81ad8	1eccd13cacf247499327311d537e6138c5e4cb88
4384850	2026-09-22	Realindustry	2026-10-01T13:35:30+00:00	42	0	1	42	132.8	111.2	120.7	169.3	84967679ec70967fb338c26b0b3ca46829e81ad8	1eccd13cacf247499327311d537e6138c5e4cb88
4395950	2026-09-23	Island Restoration	2026-10-01T13:35:38+00:00	43	0	1	43	136.0	113.8	123.8	162.1	84967679ec70967fb338c26b0b3ca46829e81ad8	1eccd13cacf247499327311d537e6138c5e4cb88
4401410	2026-09-23	Kill Dee 2	2026-10-01T13:35:40+00:00	5		0						84967679ec70967fb338c26b0b3ca46829e81ad8	1eccd13cacf247499327311d537e6138c5e4cb88
4413330	2026-09-24	Money Maker	2026-10-01T13:35:40+00:00	0		0						84967679ec70967fb338c26b0b3ca46829e81ad8	1eccd13cacf247499327311d537e6138c5e4cb88
4414070	2026-09-22	Mistik 8	2026-10-01T13:35:41+00:00	0		0						84967679ec70967fb338c26b0b3ca46829e81ad8	1eccd13cacf247499327311d537e6138c5e4cb88
4433910	2026-09-21	CITADEL	2026-10-01T13:35:46+00:00	13	0	1	13	41.1	34.4	34.2	24.6	84967679ec70967fb338c26b0b3ca46829e81ad8	1eccd13cacf247499327311d537e6138c5e4cb88
4436200	2026-09-23	FluxWerks	2026-10-01T13:35:54+00:00	69	0	1	69	218.2	182.7	206.0	235.4	84967679ec70967fb338c26b0b3ca46829e81ad8	1eccd13cacf247499327311d537e6138c5e4cb88
4439670	2026-09-23	GOBBLE	2026-10-01T13:35:56+00:00	5		0						84967679ec70967fb338c26b0b3ca46829e81ad8	1eccd13cacf247499327311d537e6138c5e4cb88
4449990	2026-09-24	Mega Marbles	2026-10-01T13:35:57+00:00	0		0						84967679ec70967fb338c26b0b3ca46829e81ad8	1eccd13cacf247499327311d537e6138c5e4cb88
4457150	2026-09-23	Chomp Garden	2026-10-01T13:36:01+00:00	56	0	1	56	177.1	148.2	164.6	194.1	84967679ec70967fb338c26b0b3ca46829e81ad8	1eccd13cacf247499327311d537e6138c5e4cb88
4458500	2026-09-22	Aeonfall	2026-10-01T13:36:03+00:00	1		0						84967679ec70967fb338c26b0b3ca46829e81ad8	1eccd13cacf247499327311d537e6138c5e4cb88
4459550	2026-09-22	FullSend	2026-10-01T13:36:04+00:00	0		0						84967679ec70967fb338c26b0b3ca46829e81ad8	1eccd13cacf247499327311d537e6138c5e4cb88
4483600	2026-09-21	Non-League Manager	2026-10-01T13:36:07+00:00	42	0	1	42	132.8	111.2	120.7	99.6	84967679ec70967fb338c26b0b3ca46829e81ad8	1eccd13cacf247499327311d537e6138c5e4cb88
4483830	2026-09-23	even if TEMPEST	2026-10-01T13:36:14+00:00	19	0	1	19	60.1	50.3	51.4	82.5	84967679ec70967fb338c26b0b3ca46829e81ad8	1eccd13cacf247499327311d537e6138c5e4cb88
4488970	2026-09-21	Fossil Bound	2026-10-01T13:36:16+00:00	0		0						84967679ec70967fb338c26b0b3ca46829e81ad8	1eccd13cacf247499327311d537e6138c5e4cb88
4493090	2026-09-21	Immortal Dao Idle	2026-10-01T13:36:20+00:00	72	0	1	72	227.7	190.6	215.7	266.9	84967679ec70967fb338c26b0b3ca46829e81ad8	1eccd13cacf247499327311d537e6138c5e4cb88
4502770	2026-09-24	Rotfront	2026-10-01T13:36:22+00:00	9		0						84967679ec70967fb338c26b0b3ca46829e81ad8	1eccd13cacf247499327311d537e6138c5e4cb88
4503420	2026-09-21	Dice and Bot D&amp;B	2026-10-01T13:36:22+00:00	0		0						84967679ec70967fb338c26b0b3ca46829e81ad8	1eccd13cacf247499327311d537e6138c5e4cb88
4513380	2026-09-21	Node Factory	2026-10-01T13:36:26+00:00	11	0	1	11	34.8	29.1	28.6	30.1	84967679ec70967fb338c26b0b3ca46829e81ad8	1eccd13cacf247499327311d537e6138c5e4cb88
4516510	2026-09-24	Koruxa- IDLE RPG	2026-10-01T13:36:33+00:00	21	0	1	21	66.4	55.6	57.3	63.9	84967679ec70967fb338c26b0b3ca46829e81ad8	1eccd13cacf247499327311d537e6138c5e4cb88
4517480	2026-09-22	My Football Growth Story	2026-10-01T13:36:35+00:00	0		0						84967679ec70967fb338c26b0b3ca46829e81ad8	1eccd13cacf247499327311d537e6138c5e4cb88
4521300	2026-09-22	Space Fishing: Verti-Go!	2026-10-01T13:36:36+00:00	0		0						84967679ec70967fb338c26b0b3ca46829e81ad8	1eccd13cacf247499327311d537e6138c5e4cb88
4525520	2026-09-22	Jarred Defense	2026-10-01T13:36:41+00:00	19	0	1	19	60.1	50.3	51.4	77.8	84967679ec70967fb338c26b0b3ca46829e81ad8	1eccd13cacf247499327311d537e6138c5e4cb88
4526330	2026-09-24	Deep Space Remnant	2026-10-01T13:36:45+00:00	15	0	1	15	47.4	39.7	39.9	38.2	84967679ec70967fb338c26b0b3ca46829e81ad8	1eccd13cacf247499327311d537e6138c5e4cb88
4535170	2026-09-21	Dicebinder	2026-10-01T13:36:47+00:00	0		0						84967679ec70967fb338c26b0b3ca46829e81ad8	1eccd13cacf247499327311d537e6138c5e4cb88
4536120	2026-09-22	Beat Boxy	2026-10-01T13:36:48+00:00	2		0						84967679ec70967fb338c26b0b3ca46829e81ad8	1eccd13cacf247499327311d537e6138c5e4cb88
4539070	2026-09-21	AI School Simulator	2026-10-01T13:36:48+00:00	0		0						84967679ec70967fb338c26b0b3ca46829e81ad8	1eccd13cacf247499327311d537e6138c5e4cb88
4542880	2026-09-23	Ironblood	2026-10-01T13:36:49+00:00	1		0						84967679ec70967fb338c26b0b3ca46829e81ad8	1eccd13cacf247499327311d537e6138c5e4cb88
4543210	2026-09-22	Imberite Idle	2026-10-01T13:36:49+00:00	3		0						84967679ec70967fb338c26b0b3ca46829e81ad8	1eccd13cacf247499327311d537e6138c5e4cb88
4544820	2026-09-23	Rogue Planet	2026-10-01T13:36:50+00:00	6		0						84967679ec70967fb338c26b0b3ca46829e81ad8	1eccd13cacf247499327311d537e6138c5e4cb88
4553130	2026-09-23	Love All My Girls	2026-10-01T13:36:54+00:00	13	0	1	13	41.1	34.4	34.2	42.0	84967679ec70967fb338c26b0b3ca46829e81ad8	1eccd13cacf247499327311d537e6138c5e4cb88
4557390	2026-09-24	Goblins and Gunslingers	2026-10-01T13:36:56+00:00	1		0						84967679ec70967fb338c26b0b3ca46829e81ad8	1eccd13cacf247499327311d537e6138c5e4cb88
4559470	2026-09-24	Misha	2026-10-01T13:36:56+00:00	3		0						84967679ec70967fb338c26b0b3ca46829e81ad8	1eccd13cacf247499327311d537e6138c5e4cb88
4574760	2026-09-22	Overdrive Reloaded	2026-10-01T13:37:01+00:00	12	0	1	12	37.9	31.8	31.4	36.1	84967679ec70967fb338c26b0b3ca46829e81ad8	1eccd13cacf247499327311d537e6138c5e4cb88
4575670	2026-09-21	Succubus Abyss: 30-Day Survival Guide	2026-10-01T13:37:09+00:00	22	0	1	22	69.6	58.2	60.2	55.9	84967679ec70967fb338c26b0b3ca46829e81ad8	1eccd13cacf247499327311d537e6138c5e4cb88
4589200	2026-09-21	Sylv and the Ancient Tree	2026-10-01T13:37:11+00:00	5		0						84967679ec70967fb338c26b0b3ca46829e81ad8	1eccd13cacf247499327311d537e6138c5e4cb88
4592150	2026-09-22	TocoToco	2026-10-01T13:37:11+00:00	0		0						84967679ec70967fb338c26b0b3ca46829e81ad8	1eccd13cacf247499327311d537e6138c5e4cb88
4593860	2026-09-23	Defenders of Ten Roads Crossing Tower	2026-10-01T13:37:12+00:00	0		0						84967679ec70967fb338c26b0b3ca46829e81ad8	1eccd13cacf247499327311d537e6138c5e4cb88
4602350	2026-09-21	Turning point	2026-10-01T13:37:13+00:00	0		0						84967679ec70967fb338c26b0b3ca46829e81ad8	1eccd13cacf247499327311d537e6138c5e4cb88
4605040	2026-09-24	Drown World	2026-10-01T13:37:13+00:00	1		0						84967679ec70967fb338c26b0b3ca46829e81ad8	1eccd13cacf247499327311d537e6138c5e4cb88
4608560	2026-09-22	Framework Zero: Terminal Panic	2026-10-01T13:37:14+00:00	0		0						84967679ec70967fb338c26b0b3ca46829e81ad8	1eccd13cacf247499327311d537e6138c5e4cb88
4610360	2026-09-24	Billion Egg Farm	2026-10-01T13:37:21+00:00	24	0	1	24	75.9	63.5	66.1	74.7	84967679ec70967fb338c26b0b3ca46829e81ad8	1eccd13cacf247499327311d537e6138c5e4cb88
4614040	2026-09-24	Last Call	2026-10-01T13:37:23+00:00	7		0						84967679ec70967fb338c26b0b3ca46829e81ad8	1eccd13cacf247499327311d537e6138c5e4cb88
4617090	2026-09-22	Farm Harbeest	2026-10-01T13:37:31+00:00	13	0	1	13	41.1	34.4	34.2	33.7	84967679ec70967fb338c26b0b3ca46829e81ad8	1eccd13cacf247499327311d537e6138c5e4cb88
4617430	2026-09-23	John	2026-10-01T13:43:33+00:00	4		0						84967679ec70967fb338c26b0b3ca46829e81ad8	1eccd13cacf247499327311d537e6138c5e4cb88
4622260	2026-09-23	放置斩魔录	2026-10-01T13:43:41+00:00	202	0	1	202	638.8	534.7	654.6	825.5	84967679ec70967fb338c26b0b3ca46829e81ad8	1eccd13cacf247499327311d537e6138c5e4cb88
4622660	2026-09-24	Overdrive 2048	2026-10-01T13:43:45+00:00	1		0						84967679ec70967fb338c26b0b3ca46829e81ad8	1eccd13cacf247499327311d537e6138c5e4cb88
4632380	2026-09-24	Tear Them All	2026-10-01T13:43:45+00:00	3		0						84967679ec70967fb338c26b0b3ca46829e81ad8	1eccd13cacf247499327311d537e6138c5e4cb88
4634900	2026-09-24	GViRacer	2026-10-01T13:43:46+00:00	0		0						84967679ec70967fb338c26b0b3ca46829e81ad8	1eccd13cacf247499327311d537e6138c5e4cb88
4636620	2026-09-24	Maximum Security Boyfriend	2026-10-01T13:43:47+00:00	0		0						84967679ec70967fb338c26b0b3ca46829e81ad8	1eccd13cacf247499327311d537e6138c5e4cb88
4639490	2026-09-21	Custom Corner	2026-10-01T13:43:48+00:00	6		0						84967679ec70967fb338c26b0b3ca46829e81ad8	1eccd13cacf247499327311d537e6138c5e4cb88
4641830	2026-09-24	Merchant of the Seven Isles	2026-10-01T13:43:48+00:00	1		0						84967679ec70967fb338c26b0b3ca46829e81ad8	1eccd13cacf247499327311d537e6138c5e4cb88
4644910	2026-09-24	Bad Word	2026-10-01T13:43:49+00:00	0		0						84967679ec70967fb338c26b0b3ca46829e81ad8	1eccd13cacf247499327311d537e6138c5e4cb88
4660370	2026-09-22	Astromental Incremental	2026-10-01T13:43:54+00:00	11	0	1	11	34.8	29.1	28.6	30.4	84967679ec70967fb338c26b0b3ca46829e81ad8	1eccd13cacf247499327311d537e6138c5e4cb88
4661850	2026-09-21	EQUILIBRIUM	2026-10-01T13:43:56+00:00	7		0						84967679ec70967fb338c26b0b3ca46829e81ad8	1eccd13cacf247499327311d537e6138c5e4cb88
4666430	2026-09-21	The old house	2026-10-01T13:43:57+00:00	4		0						84967679ec70967fb338c26b0b3ca46829e81ad8	1eccd13cacf247499327311d537e6138c5e4cb88
4667330	2026-09-24	Re: Haruka	2026-10-01T13:43:57+00:00	6		0						84967679ec70967fb338c26b0b3ca46829e81ad8	1eccd13cacf247499327311d537e6138c5e4cb88
4678340	2026-09-23	 Väinaa Idle	2026-10-01T13:43:58+00:00	2		0						84967679ec70967fb338c26b0b3ca46829e81ad8	1eccd13cacf247499327311d537e6138c5e4cb88
4682840	2026-09-24	RETRIEVAL	2026-10-01T13:43:59+00:00	6		0						84967679ec70967fb338c26b0b3ca46829e81ad8	1eccd13cacf247499327311d537e6138c5e4cb88
4686090	2026-09-22	Code Blue Idle	2026-10-01T13:43:59+00:00	2		0						84967679ec70967fb338c26b0b3ca46829e81ad8	1eccd13cacf247499327311d537e6138c5e4cb88
4696240	2026-09-22	Birthday	2026-10-01T13:44:04+00:00	32	0	1	32	101.2	84.7	90.1	83.4	84967679ec70967fb338c26b0b3ca46829e81ad8	1eccd13cacf247499327311d537e6138c5e4cb88
4705510	2026-09-21	Happy Wheels	2026-10-01T13:44:07+00:00	2961	0	1	2961	9363.5	7838.4	11773.3	9903.9	84967679ec70967fb338c26b0b3ca46829e81ad8	1eccd13cacf247499327311d537e6138c5e4cb88
4710010	2026-09-24	Triple Pairing	2026-10-01T13:44:36+00:00	54	0	1	54	170.8	142.9	158.2	179.5	84967679ec70967fb338c26b0b3ca46829e81ad8	1eccd13cacf247499327311d537e6138c5e4cb88
4711510	2026-09-23	VRLF - Virtual Reality Lightgun Framework	2026-10-01T13:44:42+00:00	11	0	1	11	34.8	29.1	28.6	28.1	84967679ec70967fb338c26b0b3ca46829e81ad8	1eccd13cacf247499327311d537e6138c5e4cb88
4713160	2026-09-22	Tohunga	2026-10-01T13:44:44+00:00	0		0						84967679ec70967fb338c26b0b3ca46829e81ad8	1eccd13cacf247499327311d537e6138c5e4cb88
4714130	2026-09-24	CyberRushUasSimulator	2026-10-01T13:44:45+00:00	2		0						84967679ec70967fb338c26b0b3ca46829e81ad8	1eccd13cacf247499327311d537e6138c5e4cb88
4732980	2026-09-23	Pour Master	2026-10-01T13:44:45+00:00	0		0						84967679ec70967fb338c26b0b3ca46829e81ad8	1eccd13cacf247499327311d537e6138c5e4cb88
4744790	2026-09-24	Marine♡Slalom	2026-10-01T13:44:46+00:00	3		0						84967679ec70967fb338c26b0b3ca46829e81ad8	1eccd13cacf247499327311d537e6138c5e4cb88
4744810	2026-09-24	Abandoned Hospital Patrol	2026-10-01T13:44:47+00:00	6		0						84967679ec70967fb338c26b0b3ca46829e81ad8	1eccd13cacf247499327311d537e6138c5e4cb88
4744840	2026-09-24	Combat Conductor	2026-10-01T13:44:47+00:00	3		0						84967679ec70967fb338c26b0b3ca46829e81ad8	1eccd13cacf247499327311d537e6138c5e4cb88
4744850	2026-09-24	DEN KO SENKA	2026-10-01T13:44:48+00:00	0		0						84967679ec70967fb338c26b0b3ca46829e81ad8	1eccd13cacf247499327311d537e6138c5e4cb88
4751090	2026-09-23	Study Abroad Sim	2026-10-01T13:44:52+00:00	46	0	1	46	145.5	121.8	133.2	99.9	84967679ec70967fb338c26b0b3ca46829e81ad8	1eccd13cacf247499327311d537e6138c5e4cb88
4753960	2026-09-23	Meow Squad: Incremental Fishing	2026-10-01T13:44:56+00:00	516	0	1	516	1631.7	1366.0	1795.9	1070.4	84967679ec70967fb338c26b0b3ca46829e81ad8	1eccd13cacf247499327311d537e6138c5e4cb88
4764310	2026-09-24	Saucy Succubus	2026-10-01T13:45:02+00:00	2		0						84967679ec70967fb338c26b0b3ca46829e81ad8	1eccd13cacf247499327311d537e6138c5e4cb88
4773170	2026-09-24	Radiant Rodents	2026-10-01T13:45:03+00:00	1		0						84967679ec70967fb338c26b0b3ca46829e81ad8	1eccd13cacf247499327311d537e6138c5e4cb88
4773520	2026-09-24	CoLane	2026-10-01T13:45:03+00:00	5		0						84967679ec70967fb338c26b0b3ca46829e81ad8	1eccd13cacf247499327311d537e6138c5e4cb88
4776020	2026-09-24	Cat Or Explosion	2026-10-01T13:45:04+00:00	1		0						84967679ec70967fb338c26b0b3ca46829e81ad8	1eccd13cacf247499327311d537e6138c5e4cb88
4781080	2026-09-23	Bramble Guard	2026-10-01T13:45:05+00:00	1		0						84967679ec70967fb338c26b0b3ca46829e81ad8	1eccd13cacf247499327311d537e6138c5e4cb88
4782420	2026-09-21	Nullbreak Protocol	2026-10-01T13:45:05+00:00	1		0						84967679ec70967fb338c26b0b3ca46829e81ad8	1eccd13cacf247499327311d537e6138c5e4cb88
4786960	2026-09-22	Pizza Revolution	2026-10-01T13:45:06+00:00	3		0						84967679ec70967fb338c26b0b3ca46829e81ad8	1eccd13cacf247499327311d537e6138c5e4cb88
4788400	2026-09-23	Revolith	2026-10-01T13:45:07+00:00	1		0						84967679ec70967fb338c26b0b3ca46829e81ad8	1eccd13cacf247499327311d537e6138c5e4cb88
4794330	2026-09-23	Mind Verge	2026-10-01T13:45:07+00:00	0		0						84967679ec70967fb338c26b0b3ca46829e81ad8	1eccd13cacf247499327311d537e6138c5e4cb88
4795430	2026-09-24	SilentDarkness	2026-10-01T13:45:13+00:00	12	0	1	12	37.9	31.8	31.4	31.1	84967679ec70967fb338c26b0b3ca46829e81ad8	1eccd13cacf247499327311d537e6138c5e4cb88
4800440	2026-09-22	One More Pearl!	2026-10-01T13:45:22+00:00	18	0	1	18	56.9	47.6	48.5	37.8	84967679ec70967fb338c26b0b3ca46829e81ad8	1eccd13cacf247499327311d537e6138c5e4cb88
4802680	2026-09-21	After the Silence	2026-10-01T13:45:24+00:00	4		0						84967679ec70967fb338c26b0b3ca46829e81ad8	1eccd13cacf247499327311d537e6138c5e4cb88
4808810	2026-09-21	Pousse-Pousse	2026-10-01T13:45:24+00:00	3		0						84967679ec70967fb338c26b0b3ca46829e81ad8	1eccd13cacf247499327311d537e6138c5e4cb88
4810790	2026-09-24	BuildPort Xumia	2026-10-01T13:45:25+00:00	0		0						84967679ec70967fb338c26b0b3ca46829e81ad8	1eccd13cacf247499327311d537e6138c5e4cb88
4810980	2026-09-24	异馆十二月	2026-10-01T13:45:30+00:00	10	0	1	10	31.6	26.5	25.8	13.4	84967679ec70967fb338c26b0b3ca46829e81ad8	1eccd13cacf247499327311d537e6138c5e4cb88
4811180	2026-09-22	Ball in the Basket	2026-10-01T13:45:32+00:00	0		0						84967679ec70967fb338c26b0b3ca46829e81ad8	1eccd13cacf247499327311d537e6138c5e4cb88
4815060	2026-09-24	Animal Cozy Corner Shop	2026-10-01T13:45:33+00:00	5		0						84967679ec70967fb338c26b0b3ca46829e81ad8	1eccd13cacf247499327311d537e6138c5e4cb88
4821960	2026-09-21	Subspace: Redux	2026-10-01T13:45:34+00:00	1		0						84967679ec70967fb338c26b0b3ca46829e81ad8	1eccd13cacf247499327311d537e6138c5e4cb88
4842290	2026-09-21	BloodVeil:Cursed Blood	2026-10-01T13:45:35+00:00	0		0						84967679ec70967fb338c26b0b3ca46829e81ad8	1eccd13cacf247499327311d537e6138c5e4cb88
4843040	2026-09-24	Vivi	2026-10-01T13:45:35+00:00	1		0						84967679ec70967fb338c26b0b3ca46829e81ad8	1eccd13cacf247499327311d537e6138c5e4cb88
4844270	2026-09-24	Colonies At War	2026-10-01T13:45:36+00:00	0		0						84967679ec70967fb338c26b0b3ca46829e81ad8	1eccd13cacf247499327311d537e6138c5e4cb88
4847230	2026-09-21	Horizon Idle	2026-10-01T13:45:37+00:00	2		0						84967679ec70967fb338c26b0b3ca46829e81ad8	1eccd13cacf247499327311d537e6138c5e4cb88
4847850	2026-09-21	Echoes of Mora VR	2026-10-01T13:45:37+00:00	2		0						84967679ec70967fb338c26b0b3ca46829e81ad8	1eccd13cacf247499327311d537e6138c5e4cb88
4850210	2026-09-23	My Racing Car	2026-10-01T13:45:38+00:00	0		0						84967679ec70967fb338c26b0b3ca46829e81ad8	1eccd13cacf247499327311d537e6138c5e4cb88
4853700	2026-09-23	Stillwake	2026-10-01T13:45:39+00:00	4		0						84967679ec70967fb338c26b0b3ca46829e81ad8	1eccd13cacf247499327311d537e6138c5e4cb88
4855300	2026-09-24	Elemental Wizard	2026-10-01T13:45:39+00:00	0		0						84967679ec70967fb338c26b0b3ca46829e81ad8	1eccd13cacf247499327311d537e6138c5e4cb88
4857710	2026-09-24	Final Extraction	2026-10-01T13:45:40+00:00	0		0						84967679ec70967fb338c26b0b3ca46829e81ad8	1eccd13cacf247499327311d537e6138c5e4cb88
4863430	2026-09-23	Hills Cry	2026-10-01T13:45:41+00:00	0		0						84967679ec70967fb338c26b0b3ca46829e81ad8	1eccd13cacf247499327311d537e6138c5e4cb88
4866000	2026-09-23	Ore Bastards	2026-10-01T13:45:41+00:00	6		0						84967679ec70967fb338c26b0b3ca46829e81ad8	1eccd13cacf247499327311d537e6138c5e4cb88
4870460	2026-09-24	Alien Breed 35th Anniversary Collection	2026-10-01T13:45:50+00:00	56	0	1	56	177.1	148.2	164.6	123.3	84967679ec70967fb338c26b0b3ca46829e81ad8	1eccd13cacf247499327311d537e6138c5e4cb88
4876060	2026-09-23	TrailRush	2026-10-01T13:45:52+00:00	0		0						84967679ec70967fb338c26b0b3ca46829e81ad8	1eccd13cacf247499327311d537e6138c5e4cb88
4880180	2026-09-23	Paper Flags	2026-10-01T13:45:53+00:00	0		0						84967679ec70967fb338c26b0b3ca46829e81ad8	1eccd13cacf247499327311d537e6138c5e4cb88
4881050	2026-09-24	OneManArmy : the rise of power	2026-10-01T13:45:53+00:00	0		0						84967679ec70967fb338c26b0b3ca46829e81ad8	1eccd13cacf247499327311d537e6138c5e4cb88
4883240	2026-09-22	Fuel Up	2026-10-01T13:45:54+00:00	3		0						84967679ec70967fb338c26b0b3ca46829e81ad8	1eccd13cacf247499327311d537e6138c5e4cb88
4885500	2026-09-24	CYBERSPIDER VS. HUMANITY	2026-10-01T13:45:55+00:00	0		0						84967679ec70967fb338c26b0b3ca46829e81ad8	1eccd13cacf247499327311d537e6138c5e4cb88
4886990	2026-09-24	Domain: Evil Invasion	2026-10-01T13:45:56+00:00	0		0						84967679ec70967fb338c26b0b3ca46829e81ad8	1eccd13cacf247499327311d537e6138c5e4cb88
4892590	2026-09-24	Purrvivors	2026-10-01T13:45:56+00:00	1		0						84967679ec70967fb338c26b0b3ca46829e81ad8	1eccd13cacf247499327311d537e6138c5e4cb88
4893730	2026-09-22	ONE (1) WORLD	2026-10-01T13:45:57+00:00	0		0						84967679ec70967fb338c26b0b3ca46829e81ad8	1eccd13cacf247499327311d537e6138c5e4cb88
4897270	2026-09-23	Stella Supernova: The Astral Vale	2026-10-01T13:45:58+00:00	4		0						84967679ec70967fb338c26b0b3ca46829e81ad8	1eccd13cacf247499327311d537e6138c5e4cb88
4899920	2026-09-23	Ultra Rad's Slide Hustle	2026-10-01T13:45:58+00:00	0		0						84967679ec70967fb338c26b0b3ca46829e81ad8	1eccd13cacf247499327311d537e6138c5e4cb88
4902250	2026-09-23	Prisoners Chess	2026-10-01T13:45:59+00:00	2		0						84967679ec70967fb338c26b0b3ca46829e81ad8	1eccd13cacf247499327311d537e6138c5e4cb88
4903860	2026-09-22	The Grotto Index	2026-10-01T13:46:00+00:00	0		0						84967679ec70967fb338c26b0b3ca46829e81ad8	1eccd13cacf247499327311d537e6138c5e4cb88
4904370	2026-09-24	Your Liar	2026-10-01T13:46:00+00:00	3		0						84967679ec70967fb338c26b0b3ca46829e81ad8	1eccd13cacf247499327311d537e6138c5e4cb88
4906820	2026-09-24	Unbroken Valor	2026-10-01T13:46:01+00:00	0		0						84967679ec70967fb338c26b0b3ca46829e81ad8	1eccd13cacf247499327311d537e6138c5e4cb88
4917320	2026-09-24	Wild Carrot	2026-10-01T13:46:02+00:00	0		0						84967679ec70967fb338c26b0b3ca46829e81ad8	1eccd13cacf247499327311d537e6138c5e4cb88
4918200	2026-09-23	Chuckle Express	2026-10-01T13:46:02+00:00	1		0						84967679ec70967fb338c26b0b3ca46829e81ad8	1eccd13cacf247499327311d537e6138c5e4cb88
4918340	2026-09-22	Esperitz Quest	2026-10-01T13:46:03+00:00	0		0						84967679ec70967fb338c26b0b3ca46829e81ad8	1eccd13cacf247499327311d537e6138c5e4cb88
4920310	2026-09-21	Ludus Deceptor	2026-10-01T13:46:04+00:00	0		0						84967679ec70967fb338c26b0b3ca46829e81ad8	1eccd13cacf247499327311d537e6138c5e4cb88
4920750	2026-09-21	Grim Siege	2026-10-01T13:46:11+00:00	31	0	1	31	98.0	82.1	87.1	103.6	84967679ec70967fb338c26b0b3ca46829e81ad8	1eccd13cacf247499327311d537e6138c5e4cb88
4926870	2026-09-23	Ward 9	2026-10-01T13:46:13+00:00	0		0						84967679ec70967fb338c26b0b3ca46829e81ad8	1eccd13cacf247499327311d537e6138c5e4cb88
4934240	2026-09-23	Blackjack Training	2026-10-01T13:46:19+00:00	11	0	1	11	34.8	29.1	28.6	29.8	84967679ec70967fb338c26b0b3ca46829e81ad8	1eccd13cacf247499327311d537e6138c5e4cb88
4941870	2026-09-24	Ace Survivors	2026-10-01T13:46:21+00:00	3		0						84967679ec70967fb338c26b0b3ca46829e81ad8	1eccd13cacf247499327311d537e6138c5e4cb88
4944310	2026-09-24	Nice To Meat You	2026-10-01T13:46:22+00:00	0		0						84967679ec70967fb338c26b0b3ca46829e81ad8	1eccd13cacf247499327311d537e6138c5e4cb88
4945790	2026-09-23	Echoes in Darkness	2026-10-01T13:46:26+00:00	29	0	1	29	91.7	76.8	81.1	106.5	84967679ec70967fb338c26b0b3ca46829e81ad8	1eccd13cacf247499327311d537e6138c5e4cb88
4946370	2026-09-21	Apparently an Apprentice Alchemist	2026-10-01T13:46:27+00:00	0		0						84967679ec70967fb338c26b0b3ca46829e81ad8	1eccd13cacf247499327311d537e6138c5e4cb88
4950720	2026-09-24	Kill The Frog!	2026-10-01T13:46:31+00:00	11	0	1	11	34.8	29.1	28.6	25.4	84967679ec70967fb338c26b0b3ca46829e81ad8	1eccd13cacf247499327311d537e6138c5e4cb88
4951360	2026-09-21	Ashrun Survivors	2026-10-01T13:46:33+00:00	0		0						84967679ec70967fb338c26b0b3ca46829e81ad8	1eccd13cacf247499327311d537e6138c5e4cb88
4953300	2026-09-22	Dear Diary	2026-10-01T13:46:36+00:00	17	0	1	17	53.8	45.0	45.6	27.1	84967679ec70967fb338c26b0b3ca46829e81ad8	1eccd13cacf247499327311d537e6138c5e4cb88
4963760	2026-09-23	Zone//Zero	2026-10-01T13:46:38+00:00	2		0						84967679ec70967fb338c26b0b3ca46829e81ad8	1eccd13cacf247499327311d537e6138c5e4cb88
4964780	2026-09-21	Puzzles Trees	2026-10-01T13:46:38+00:00	0		0						84967679ec70967fb338c26b0b3ca46829e81ad8	1eccd13cacf247499327311d537e6138c5e4cb88
4965060	2026-09-23	Monban: Spirit Gate	2026-10-01T13:46:39+00:00	0		0						84967679ec70967fb338c26b0b3ca46829e81ad8	1eccd13cacf247499327311d537e6138c5e4cb88
4967790	2026-09-22	Catson Files: Wizard Town	2026-10-01T13:46:44+00:00	27	0	1	27	85.4	71.5	75.1	85.3	84967679ec70967fb338c26b0b3ca46829e81ad8	1eccd13cacf247499327311d537e6138c5e4cb88
4968500	2026-09-24	Jamaican Ludi	2026-10-01T13:46:46+00:00	0		0						84967679ec70967fb338c26b0b3ca46829e81ad8	1eccd13cacf247499327311d537e6138c5e4cb88
4973610	2026-09-24	Train Sim	2026-10-01T13:46:46+00:00	1		0						84967679ec70967fb338c26b0b3ca46829e81ad8	1eccd13cacf247499327311d537e6138c5e4cb88
4974630	2026-09-23	Something Weird Will Happen	2026-10-01T13:46:47+00:00	0		0						84967679ec70967fb338c26b0b3ca46829e81ad8	1eccd13cacf247499327311d537e6138c5e4cb88
4980100	2026-09-21	Slayer Queen	2026-10-01T13:46:52+00:00	21	0	1	21	66.4	55.6	57.3	39.1	84967679ec70967fb338c26b0b3ca46829e81ad8	1eccd13cacf247499327311d537e6138c5e4cb88
4980590	2026-09-21	Re:BirthStone ～誕生石物語～	2026-10-01T13:46:53+00:00	2		0						84967679ec70967fb338c26b0b3ca46829e81ad8	1eccd13cacf247499327311d537e6138c5e4cb88
4980790	2026-09-22	Scrolls of Torah, Prophets &amp; Writings	2026-10-01T13:46:54+00:00	0		0						84967679ec70967fb338c26b0b3ca46829e81ad8	1eccd13cacf247499327311d537e6138c5e4cb88
4981570	2026-09-23	Wand &amp; Order: Tidy up the magic shop!	2026-10-01T13:46:58+00:00	253	0	1	253	800.1	669.7	834.0	1494.9	84967679ec70967fb338c26b0b3ca46829e81ad8	1eccd13cacf247499327311d537e6138c5e4cb88
4983250	2026-09-21	Whispers in Clay	2026-10-01T13:47:01+00:00	1		0						84967679ec70967fb338c26b0b3ca46829e81ad8	1eccd13cacf247499327311d537e6138c5e4cb88
4984540	2026-09-24	Incremental Space Defense Force League	2026-10-01T13:47:02+00:00	0		0						84967679ec70967fb338c26b0b3ca46829e81ad8	1eccd13cacf247499327311d537e6138c5e4cb88
4985180	2026-09-23	Starstone	2026-10-01T13:47:03+00:00	5		0						84967679ec70967fb338c26b0b3ca46829e81ad8	1eccd13cacf247499327311d537e6138c5e4cb88
4988860	2026-09-21	Museum Disarter	2026-10-01T13:47:08+00:00	15	0	1	15	47.4	39.7	39.9	40.5	84967679ec70967fb338c26b0b3ca46829e81ad8	1eccd13cacf247499327311d537e6138c5e4cb88
4991180	2026-09-21	Noodle Go!	2026-10-01T13:47:10+00:00	0		0						84967679ec70967fb338c26b0b3ca46829e81ad8	1eccd13cacf247499327311d537e6138c5e4cb88
4991690	2026-09-22	Kihaven	2026-10-01T13:47:10+00:00	3		0						84967679ec70967fb338c26b0b3ca46829e81ad8	1eccd13cacf247499327311d537e6138c5e4cb88
4995090	2026-09-21	Revolver 21	2026-10-01T13:47:11+00:00	2		0						84967679ec70967fb338c26b0b3ca46829e81ad8	1eccd13cacf247499327311d537e6138c5e4cb88
4996800	2026-09-22	I Transmigrated to Another World to Become the Overlord ——Stop Fighting Over Me	2026-10-01T13:47:12+00:00	3		0						84967679ec70967fb338c26b0b3ca46829e81ad8	1eccd13cacf247499327311d537e6138c5e4cb88
5002330	2026-09-23	Bloodthrone: Eternal Reign	2026-10-01T13:47:12+00:00	1		0						84967679ec70967fb338c26b0b3ca46829e81ad8	1eccd13cacf247499327311d537e6138c5e4cb88
5007850	2026-09-24	Puzzles Tools	2026-10-01T13:47:13+00:00	0		0						84967679ec70967fb338c26b0b3ca46829e81ad8	1eccd13cacf247499327311d537e6138c5e4cb88
5010200	2026-09-22	Questfarers of the Stone	2026-10-01T13:47:14+00:00	7		0						84967679ec70967fb338c26b0b3ca46829e81ad8	1eccd13cacf247499327311d537e6138c5e4cb88
5011720	2026-09-24	Spooky Tales and Mummy Trails	2026-10-01T13:47:15+00:00	0		0						84967679ec70967fb338c26b0b3ca46829e81ad8	1eccd13cacf247499327311d537e6138c5e4cb88
5012490	2026-09-23	Mantis Clicker	2026-10-01T13:47:15+00:00	2		0						84967679ec70967fb338c26b0b3ca46829e81ad8	1eccd13cacf247499327311d537e6138c5e4cb88
5017500	2026-09-23	Infinite Galleries	2026-10-01T13:47:16+00:00	3		0						84967679ec70967fb338c26b0b3ca46829e81ad8	1eccd13cacf247499327311d537e6138c5e4cb88
5018750	2026-09-24	At a Snail's Pace	2026-10-01T13:47:17+00:00	0		0						84967679ec70967fb338c26b0b3ca46829e81ad8	1eccd13cacf247499327311d537e6138c5e4cb88
5018960	2026-09-24	Xian Cang	2026-10-01T13:47:17+00:00	0		0						84967679ec70967fb338c26b0b3ca46829e81ad8	1eccd13cacf247499327311d537e6138c5e4cb88
5019920	2026-09-23	Tasty Chef	2026-10-01T13:47:21+00:00	247	0	1	247	781.1	653.9	812.7	1652.7	84967679ec70967fb338c26b0b3ca46829e81ad8	1eccd13cacf247499327311d537e6138c5e4cb88
5021850	2026-09-22	Rifts of Cozmos	2026-10-01T13:53:25+00:00	0		0						84967679ec70967fb338c26b0b3ca46829e81ad8	1eccd13cacf247499327311d537e6138c5e4cb88
5022820	2026-09-22	Uncles	2026-10-01T13:53:25+00:00	0		0						84967679ec70967fb338c26b0b3ca46829e81ad8	1eccd13cacf247499327311d537e6138c5e4cb88
5029780	2026-09-23	cookie planet: cosmic bakery	2026-10-01T13:53:26+00:00	0		0						84967679ec70967fb338c26b0b3ca46829e81ad8	1eccd13cacf247499327311d537e6138c5e4cb88
5033050	2026-09-21	Kamikaze Dolphin	2026-10-01T13:53:27+00:00	0		0						84967679ec70967fb338c26b0b3ca46829e81ad8	1eccd13cacf247499327311d537e6138c5e4cb88
5034000	2026-09-22	Where Stella Meets Water	2026-10-01T13:53:27+00:00	0		0						84967679ec70967fb338c26b0b3ca46829e81ad8	1eccd13cacf247499327311d537e6138c5e4cb88
5035760	2026-09-21	Elixonomy	2026-10-01T13:53:28+00:00	0		0						84967679ec70967fb338c26b0b3ca46829e81ad8	1eccd13cacf247499327311d537e6138c5e4cb88
5036050	2026-09-24	Rakugaki Beast	2026-10-01T13:53:29+00:00	1		0						84967679ec70967fb338c26b0b3ca46829e81ad8	1eccd13cacf247499327311d537e6138c5e4cb88
5037900	2026-09-24	Highscore	2026-10-01T13:53:29+00:00	1		0						84967679ec70967fb338c26b0b3ca46829e81ad8	1eccd13cacf247499327311d537e6138c5e4cb88
5040400	2026-09-21	Road to Millionaire – Investing	2026-10-01T13:53:30+00:00	0		0						84967679ec70967fb338c26b0b3ca46829e81ad8	1eccd13cacf247499327311d537e6138c5e4cb88
5040690	2026-09-21	GridEnergy	2026-10-01T13:53:31+00:00	3		0						84967679ec70967fb338c26b0b3ca46829e81ad8	1eccd13cacf247499327311d537e6138c5e4cb88
5041160	2026-09-22	HELL IS FUEL	2026-10-01T13:53:31+00:00	0		0						84967679ec70967fb338c26b0b3ca46829e81ad8	1eccd13cacf247499327311d537e6138c5e4cb88
5043000	2026-09-22	Cards, Blades &amp; Fine Print	2026-10-01T13:53:32+00:00	0		0						84967679ec70967fb338c26b0b3ca46829e81ad8	1eccd13cacf247499327311d537e6138c5e4cb88
5044180	2026-09-23	Bluso Hero and the Copper Heart	2026-10-01T13:53:33+00:00	0		0						84967679ec70967fb338c26b0b3ca46829e81ad8	1eccd13cacf247499327311d537e6138c5e4cb88
5044780	2026-09-24	Yokai Parade	2026-10-01T13:53:33+00:00	0		0						84967679ec70967fb338c26b0b3ca46829e81ad8	1eccd13cacf247499327311d537e6138c5e4cb88
5045560	2026-09-23	Shuffle and Seek	2026-10-01T13:53:34+00:00	4		0						84967679ec70967fb338c26b0b3ca46829e81ad8	1eccd13cacf247499327311d537e6138c5e4cb88
5046580	2026-09-21	Brainrot Simulator	2026-10-01T13:53:35+00:00	0		0						84967679ec70967fb338c26b0b3ca46829e81ad8	1eccd13cacf247499327311d537e6138c5e4cb88
5048110	2026-09-24	Jade Master: Chronicle	2026-10-01T13:53:35+00:00	1		0						84967679ec70967fb338c26b0b3ca46829e81ad8	1eccd13cacf247499327311d537e6138c5e4cb88
5048980	2026-09-21	Roll and Hold	2026-10-01T13:53:36+00:00	0		0						84967679ec70967fb338c26b0b3ca46829e81ad8	1eccd13cacf247499327311d537e6138c5e4cb88
5050690	2026-09-22	Five Nights with Dino	2026-10-01T13:53:42+00:00	13	0	1	13	41.1	34.4	34.2	24.7	84967679ec70967fb338c26b0b3ca46829e81ad8	1eccd13cacf247499327311d537e6138c5e4cb88
5052720	2026-09-24	Skeleton Crew VR	2026-10-01T13:53:44+00:00	0		0						84967679ec70967fb338c26b0b3ca46829e81ad8	1eccd13cacf247499327311d537e6138c5e4cb88
5052760	2026-09-22	Goddess Must Survive!	2026-10-01T13:53:45+00:00	2		0						84967679ec70967fb338c26b0b3ca46829e81ad8	1eccd13cacf247499327311d537e6138c5e4cb88
5057210	2026-09-22	Dog	2026-10-01T13:53:50+00:00	20	0	1	20	63.2	52.9	54.3	85.5	84967679ec70967fb338c26b0b3ca46829e81ad8	1eccd13cacf247499327311d537e6138c5e4cb88
5062880	2026-09-24	Close the Sky	2026-10-01T13:53:52+00:00	2		0						84967679ec70967fb338c26b0b3ca46829e81ad8	1eccd13cacf247499327311d537e6138c5e4cb88
5063610	2026-09-23	Circle Test Suite	2026-10-01T13:53:53+00:00	0		0						84967679ec70967fb338c26b0b3ca46829e81ad8	1eccd13cacf247499327311d537e6138c5e4cb88
5066560	2026-09-22	NOW SHOWING: A Cinema Programming Game	2026-10-01T13:53:53+00:00	0		0						84967679ec70967fb338c26b0b3ca46829e81ad8	1eccd13cacf247499327311d537e6138c5e4cb88
5067100	2026-09-23	The Can Stacking Simulator	2026-10-01T13:53:54+00:00	0		0						84967679ec70967fb338c26b0b3ca46829e81ad8	1eccd13cacf247499327311d537e6138c5e4cb88
5070850	2026-09-23	HITLESS	2026-10-01T13:53:55+00:00	1		0						84967679ec70967fb338c26b0b3ca46829e81ad8	1eccd13cacf247499327311d537e6138c5e4cb88
5073840	2026-09-21	Starwood: Lantern	2026-10-01T13:53:55+00:00	0		0						84967679ec70967fb338c26b0b3ca46829e81ad8	1eccd13cacf247499327311d537e6138c5e4cb88
5075110	2026-09-24	零氪超变	2026-10-01T13:54:01+00:00	47	0	1	47	148.6	124.4	136.3	161.2	84967679ec70967fb338c26b0b3ca46829e81ad8	1eccd13cacf247499327311d537e6138c5e4cb88
5077310	2026-09-21	Darrell 3D	2026-10-01T13:54:03+00:00	2		0						84967679ec70967fb338c26b0b3ca46829e81ad8	1eccd13cacf247499327311d537e6138c5e4cb88
5078010	2026-09-24	Skate Droid	2026-10-01T13:54:04+00:00	2		0						84967679ec70967fb338c26b0b3ca46829e81ad8	1eccd13cacf247499327311d537e6138c5e4cb88
5080530	2026-09-24	Abandoned Gameshop	2026-10-01T13:54:09+00:00	29	0	1	29	91.7	76.8	81.1	81.5	84967679ec70967fb338c26b0b3ca46829e81ad8	1eccd13cacf247499327311d537e6138c5e4cb88
5083390	2026-09-23	Coin Rush	2026-10-01T13:54:11+00:00	0		0						84967679ec70967fb338c26b0b3ca46829e81ad8	1eccd13cacf247499327311d537e6138c5e4cb88
5083910	2026-09-24	You Only Dream Once - Unknown Player’s Island Adventure	2026-10-01T13:54:12+00:00	2		0						84967679ec70967fb338c26b0b3ca46829e81ad8	1eccd13cacf247499327311d537e6138c5e4cb88
5084240	2026-09-24	Four Crossings of the ChiShui River Simulator	2026-10-01T13:54:12+00:00	1		0						84967679ec70967fb338c26b0b3ca46829e81ad8	1eccd13cacf247499327311d537e6138c5e4cb88
5084910	2026-09-22	Choice of History	2026-10-01T13:54:13+00:00	4		0						84967679ec70967fb338c26b0b3ca46829e81ad8	1eccd13cacf247499327311d537e6138c5e4cb88
5086560	2026-09-24	Tank Battle Classic	2026-10-01T13:54:21+00:00	100	0	1	100	316.2	264.7	307.1	296.7	84967679ec70967fb338c26b0b3ca46829e81ad8	1eccd13cacf247499327311d537e6138c5e4cb88
5087220	2026-09-24	Kadmon	2026-10-01T13:54:23+00:00	1		0						84967679ec70967fb338c26b0b3ca46829e81ad8	1eccd13cacf247499327311d537e6138c5e4cb88
5088920	2026-09-24	Rhythm Aero	2026-10-01T13:54:24+00:00	2		0						84967679ec70967fb338c26b0b3ca46829e81ad8	1eccd13cacf247499327311d537e6138c5e4cb88
5090850	2026-09-24	Virtual Skies FPV VR	2026-10-01T13:54:24+00:00	0		0						84967679ec70967fb338c26b0b3ca46829e81ad8	1eccd13cacf247499327311d537e6138c5e4cb88
5092960	2026-09-24	Survival Project: Island	2026-10-01T13:54:31+00:00	10	0	1	10	31.6	26.5	25.8	83.1	84967679ec70967fb338c26b0b3ca46829e81ad8	1eccd13cacf247499327311d537e6138c5e4cb88
5094050	2026-09-23	Ridge Hold	2026-10-01T13:54:33+00:00	0		0						84967679ec70967fb338c26b0b3ca46829e81ad8	1eccd13cacf247499327311d537e6138c5e4cb88
5095310	2026-09-23	Nature Hike	2026-10-01T13:54:42+00:00	37	0	1	37	117.0	97.9	105.3	118.6	84967679ec70967fb338c26b0b3ca46829e81ad8	1eccd13cacf247499327311d537e6138c5e4cb88
5095670	2026-09-21	Chip Builder	2026-10-01T13:54:44+00:00	0		0						84967679ec70967fb338c26b0b3ca46829e81ad8	1eccd13cacf247499327311d537e6138c5e4cb88
5097070	2026-09-23	Fungario	2026-10-01T13:54:44+00:00	6		0						84967679ec70967fb338c26b0b3ca46829e81ad8	1eccd13cacf247499327311d537e6138c5e4cb88
5097190	2026-09-24	NEON STORM	2026-10-01T13:54:45+00:00	0		0						84967679ec70967fb338c26b0b3ca46829e81ad8	1eccd13cacf247499327311d537e6138c5e4cb88
5098680	2026-09-23	The Kitty on My Desk	2026-10-01T13:54:46+00:00	2		0						84967679ec70967fb338c26b0b3ca46829e81ad8	1eccd13cacf247499327311d537e6138c5e4cb88
5098890	2026-09-22	Benders In Space	2026-10-01T13:54:46+00:00	0		0						84967679ec70967fb338c26b0b3ca46829e81ad8	1eccd13cacf247499327311d537e6138c5e4cb88
5100610	2026-09-24	This is a Gift	2026-10-01T13:54:51+00:00	16	0	1	16	50.6	42.4	42.7	37.8	84967679ec70967fb338c26b0b3ca46829e81ad8	1eccd13cacf247499327311d537e6138c5e4cb88
5100690	2026-09-24	Battle For the Bridge	2026-10-01T13:54:53+00:00	0		0						84967679ec70967fb338c26b0b3ca46829e81ad8	1eccd13cacf247499327311d537e6138c5e4cb88
5101840	2026-09-23	Teverim	2026-10-01T13:54:54+00:00	0		0						84967679ec70967fb338c26b0b3ca46829e81ad8	1eccd13cacf247499327311d537e6138c5e4cb88
5103070	2026-09-23	Gassed Up!	2026-10-01T13:54:54+00:00	0		0						84967679ec70967fb338c26b0b3ca46829e81ad8	1eccd13cacf247499327311d537e6138c5e4cb88
5104850	2026-09-24	Boothill Survivors	2026-10-01T13:54:55+00:00	1		0						84967679ec70967fb338c26b0b3ca46829e81ad8	1eccd13cacf247499327311d537e6138c5e4cb88
5105570	2026-09-23	Tango Mortal	2026-10-01T13:54:56+00:00	1		0						84967679ec70967fb338c26b0b3ca46829e81ad8	1eccd13cacf247499327311d537e6138c5e4cb88
5106570	2026-09-21	Zombie X	2026-10-01T13:54:56+00:00	0		0						84967679ec70967fb338c26b0b3ca46829e81ad8	1eccd13cacf247499327311d537e6138c5e4cb88
5109060	2026-09-21	Hardware Store: Tidy Up	2026-10-01T13:54:57+00:00	1		0						84967679ec70967fb338c26b0b3ca46829e81ad8	1eccd13cacf247499327311d537e6138c5e4cb88
5109380	2026-09-21	A Decent Farewell	2026-10-01T13:54:57+00:00	2		0						84967679ec70967fb338c26b0b3ca46829e81ad8	1eccd13cacf247499327311d537e6138c5e4cb88
5115950	2026-09-24	DeskPets - Desktop Idle Companion	2026-10-01T13:54:58+00:00	1		0						84967679ec70967fb338c26b0b3ca46829e81ad8	1eccd13cacf247499327311d537e6138c5e4cb88
5119020	2026-09-23	Sill Dogs	2026-10-01T13:55:06+00:00	20	0	1	20	63.2	52.9	54.3	101.4	84967679ec70967fb338c26b0b3ca46829e81ad8	1eccd13cacf247499327311d537e6138c5e4cb88
5119350	2026-09-23	Pixel Hold'em: Poker Coach	2026-10-01T13:55:07+00:00	0		0						84967679ec70967fb338c26b0b3ca46829e81ad8	1eccd13cacf247499327311d537e6138c5e4cb88
5119790	2026-09-24	Death Momotaro	2026-10-01T13:55:14+00:00	26	0	1	26	82.2	68.8	72.1	76.8	84967679ec70967fb338c26b0b3ca46829e81ad8	1eccd13cacf247499327311d537e6138c5e4cb88
5121110	2026-09-22	MEMEOLOGY CLUB	2026-10-01T13:55:16+00:00	4		0						84967679ec70967fb338c26b0b3ca46829e81ad8	1eccd13cacf247499327311d537e6138c5e4cb88
5121690	2026-09-24	Worker Survival Simulator	2026-10-01T13:55:19+00:00	33	0	1	33	104.4	87.4	93.1	90.0	84967679ec70967fb338c26b0b3ca46829e81ad8	1eccd13cacf247499327311d537e6138c5e4cb88
5122040	2026-09-21	clique - mystery	2026-10-01T13:55:21+00:00	0		0						84967679ec70967fb338c26b0b3ca46829e81ad8	1eccd13cacf247499327311d537e6138c5e4cb88
5125210	2026-09-22	THUD: Dicey Reload	2026-10-01T13:55:21+00:00	1		0						84967679ec70967fb338c26b0b3ca46829e81ad8	1eccd13cacf247499327311d537e6138c5e4cb88
5125620	2026-09-21	BlockScavenger	2026-10-01T13:55:22+00:00	0		0						84967679ec70967fb338c26b0b3ca46829e81ad8	1eccd13cacf247499327311d537e6138c5e4cb88
5125780	2026-09-24	Pixel Planet Survivor	2026-10-01T13:55:23+00:00	0		0						84967679ec70967fb338c26b0b3ca46829e81ad8	1eccd13cacf247499327311d537e6138c5e4cb88
5127970	2026-09-22	SuperStore Simulator	2026-10-01T13:55:23+00:00	4		0						84967679ec70967fb338c26b0b3ca46829e81ad8	1eccd13cacf247499327311d537e6138c5e4cb88
5129590	2026-09-23	StreetTyper	2026-10-01T13:55:24+00:00	0		0						84967679ec70967fb338c26b0b3ca46829e81ad8	1eccd13cacf247499327311d537e6138c5e4cb88
5129690	2026-09-22	Blova	2026-10-01T13:55:25+00:00	2		0						84967679ec70967fb338c26b0b3ca46829e81ad8	1eccd13cacf247499327311d537e6138c5e4cb88
5130010	2026-09-22	AIGENROBO	2026-10-01T13:55:25+00:00	1		0						84967679ec70967fb338c26b0b3ca46829e81ad8	1eccd13cacf247499327311d537e6138c5e4cb88
5130320	2026-09-24	Krucza Wieża	2026-10-01T13:55:30+00:00	15	0	1	15	47.4	39.7	39.9	39.3	84967679ec70967fb338c26b0b3ca46829e81ad8	1eccd13cacf247499327311d537e6138c5e4cb88
5130470	2026-09-23	By My Command	2026-10-01T13:55:32+00:00	0		0						84967679ec70967fb338c26b0b3ca46829e81ad8	1eccd13cacf247499327311d537e6138c5e4cb88
5131270	2026-09-21	The Symposium Dragon	2026-10-01T13:55:33+00:00	0		0						84967679ec70967fb338c26b0b3ca46829e81ad8	1eccd13cacf247499327311d537e6138c5e4cb88
5131530	2026-09-24	DreamAgain Adventures: Emperor Sin &amp; King Pop Strike Force	2026-10-01T13:55:34+00:00	0		0						84967679ec70967fb338c26b0b3ca46829e81ad8	1eccd13cacf247499327311d537e6138c5e4cb88
5134970	2026-09-23	Foole's World	2026-10-01T13:55:40+00:00	166	0	1	166	524.9	439.4	529.9	638.6	84967679ec70967fb338c26b0b3ca46829e81ad8	1eccd13cacf247499327311d537e6138c5e4cb88
5136120	2026-09-23	Off the Clock: 13/F	2026-10-01T13:55:43+00:00	3		0						84967679ec70967fb338c26b0b3ca46829e81ad8	1eccd13cacf247499327311d537e6138c5e4cb88
5137940	2026-09-24	Realm of Five Spirits	2026-10-01T13:55:43+00:00	0		0						84967679ec70967fb338c26b0b3ca46829e81ad8	1eccd13cacf247499327311d537e6138c5e4cb88
5138940	2026-09-24	CandleBook: Trading Simulator	2026-10-01T13:55:44+00:00	1		0						84967679ec70967fb338c26b0b3ca46829e81ad8	1eccd13cacf247499327311d537e6138c5e4cb88
5139950	2026-09-22	The Countess from Moscow	2026-10-01T13:55:44+00:00	0		0						84967679ec70967fb338c26b0b3ca46829e81ad8	1eccd13cacf247499327311d537e6138c5e4cb88
5142630	2026-09-24	Fund Manager: Buy Side	2026-10-01T13:55:45+00:00	1		0						84967679ec70967fb338c26b0b3ca46829e81ad8	1eccd13cacf247499327311d537e6138c5e4cb88
5142990	2026-09-21	Laryen	2026-10-01T13:55:46+00:00	4		0						84967679ec70967fb338c26b0b3ca46829e81ad8	1eccd13cacf247499327311d537e6138c5e4cb88
5144700	2026-09-22	SPIRAL OJOSAMA CHOHATSU MAKINA	2026-10-01T13:55:47+00:00	0		0						84967679ec70967fb338c26b0b3ca46829e81ad8	1eccd13cacf247499327311d537e6138c5e4cb88
5144870	2026-09-23	おでんポンッ！	2026-10-01T13:55:47+00:00	0		0						84967679ec70967fb338c26b0b3ca46829e81ad8	1eccd13cacf247499327311d537e6138c5e4cb88
5145040	2026-09-24	Build My World	2026-10-01T13:55:48+00:00	0		0						84967679ec70967fb338c26b0b3ca46829e81ad8	1eccd13cacf247499327311d537e6138c5e4cb88
5145800	2026-09-21	Slap Leather	2026-10-01T13:55:49+00:00	0		0						84967679ec70967fb338c26b0b3ca46829e81ad8	1eccd13cacf247499327311d537e6138c5e4cb88
5147020	2026-09-23	Sanidade Zero	2026-10-01T13:55:50+00:00	19	0	1	19	60.1	50.3	51.4	94.9	84967679ec70967fb338c26b0b3ca46829e81ad8	1eccd13cacf247499327311d537e6138c5e4cb88
5147500	2026-09-24	Dark Dice: Cthulhu Investigation Log	2026-10-01T13:55:52+00:00	1		0						84967679ec70967fb338c26b0b3ca46829e81ad8	1eccd13cacf247499327311d537e6138c5e4cb88
5148830	2026-09-21	Kebab Shop Simulator	2026-10-01T13:55:53+00:00	0		0						84967679ec70967fb338c26b0b3ca46829e81ad8	1eccd13cacf247499327311d537e6138c5e4cb88
5149270	2026-09-24	Nomads Plague	2026-10-01T13:55:53+00:00	0		0						84967679ec70967fb338c26b0b3ca46829e81ad8	1eccd13cacf247499327311d537e6138c5e4cb88
5151800	2026-09-24	Cyberpunk Cats &amp; Dogs	2026-10-01T13:55:54+00:00	1		0						84967679ec70967fb338c26b0b3ca46829e81ad8	1eccd13cacf247499327311d537e6138c5e4cb88
5151960	2026-09-21	Actors	2026-10-01T13:55:54+00:00	2		0						84967679ec70967fb338c26b0b3ca46829e81ad8	1eccd13cacf247499327311d537e6138c5e4cb88
5153100	2026-09-21	Panchito Delivery: Project Elevator	2026-10-01T13:55:55+00:00	0		0						84967679ec70967fb338c26b0b3ca46829e81ad8	1eccd13cacf247499327311d537e6138c5e4cb88
5153230	2026-09-23	Mini IT Tycoon	2026-10-01T13:55:56+00:00	2		0						84967679ec70967fb338c26b0b3ca46829e81ad8	1eccd13cacf247499327311d537e6138c5e4cb88
5153610	2026-09-24	Gizmo	2026-10-01T13:55:57+00:00	6		0						84967679ec70967fb338c26b0b3ca46829e81ad8	1eccd13cacf247499327311d537e6138c5e4cb88
5153890	2026-09-22	Grandpa's Legacy	2026-10-01T13:55:57+00:00	2		0						84967679ec70967fb338c26b0b3ca46829e81ad8	1eccd13cacf247499327311d537e6138c5e4cb88
5154020	2026-09-21	滩头阻击	2026-10-01T13:55:58+00:00	0		0						84967679ec70967fb338c26b0b3ca46829e81ad8	1eccd13cacf247499327311d537e6138c5e4cb88
5154340	2026-09-23	ANTARTIDA	2026-10-01T13:56:03+00:00	29	0	1	29	91.7	76.8	81.1	87.2	84967679ec70967fb338c26b0b3ca46829e81ad8	1eccd13cacf247499327311d537e6138c5e4cb88
5156430	2026-09-21	Packet Plague	2026-10-01T13:56:05+00:00	3		0						84967679ec70967fb338c26b0b3ca46829e81ad8	1eccd13cacf247499327311d537e6138c5e4cb88
5156820	2026-09-22	Sunburn	2026-10-01T13:56:08+00:00	14	0	1	14	44.3	37.1	37.0	58.8	84967679ec70967fb338c26b0b3ca46829e81ad8	1eccd13cacf247499327311d537e6138c5e4cb88
5157330	2026-09-23	Still Sorting	2026-10-01T13:56:10+00:00	8		0						84967679ec70967fb338c26b0b3ca46829e81ad8	1eccd13cacf247499327311d537e6138c5e4cb88
5158550	2026-09-21	Zombie Community	2026-10-01T13:56:10+00:00	3		0						84967679ec70967fb338c26b0b3ca46829e81ad8	1eccd13cacf247499327311d537e6138c5e4cb88
5161510	2026-09-24	Neon Meltdown	2026-10-01T13:56:11+00:00	0		0						84967679ec70967fb338c26b0b3ca46829e81ad8	1eccd13cacf247499327311d537e6138c5e4cb88
5164610	2026-09-22	MEANINGLESS	2026-10-01T13:56:12+00:00	0		0						84967679ec70967fb338c26b0b3ca46829e81ad8	1eccd13cacf247499327311d537e6138c5e4cb88
5164810	2026-09-24	LOOK / DON'T	2026-10-01T13:56:12+00:00	4		0						84967679ec70967fb338c26b0b3ca46829e81ad8	1eccd13cacf247499327311d537e6138c5e4cb88
5165000	2026-09-24	MaskloZoophic Sessions	2026-10-01T13:56:13+00:00	0		0						84967679ec70967fb338c26b0b3ca46829e81ad8	1eccd13cacf247499327311d537e6138c5e4cb88
5166200	2026-09-22	Serandor The Last Knight	2026-10-01T13:56:14+00:00	3		0						84967679ec70967fb338c26b0b3ca46829e81ad8	1eccd13cacf247499327311d537e6138c5e4cb88
5166950	2026-09-23	INK ABYSS WALKER	2026-10-01T13:56:14+00:00	0		0						84967679ec70967fb338c26b0b3ca46829e81ad8	1eccd13cacf247499327311d537e6138c5e4cb88
5167200	2026-09-22	ALGO ARMS	2026-10-01T13:56:15+00:00	1		0						84967679ec70967fb338c26b0b3ca46829e81ad8	1eccd13cacf247499327311d537e6138c5e4cb88
5168880	2026-09-24	Clyce's Adventures	2026-10-01T13:56:16+00:00	0		0						84967679ec70967fb338c26b0b3ca46829e81ad8	1eccd13cacf247499327311d537e6138c5e4cb88
5171550	2026-09-24	Froggonit: Prologue	2026-10-01T13:56:16+00:00	4		0						84967679ec70967fb338c26b0b3ca46829e81ad8	1eccd13cacf247499327311d537e6138c5e4cb88
5172380	2026-09-23	击败怪物，升级，并掉落装备	2026-10-01T13:56:17+00:00	7		0						84967679ec70967fb338c26b0b3ca46829e81ad8	1eccd13cacf247499327311d537e6138c5e4cb88
5174540	2026-09-24	Post Office: Tidy Up	2026-10-01T13:56:18+00:00	38	0	1	38	120.2	100.6	108.4	133.9	84967679ec70967fb338c26b0b3ca46829e81ad8	1eccd13cacf247499327311d537e6138c5e4cb88
5177830	2026-09-22	IRONWOOD	2026-10-01T13:56:20+00:00	0		0						84967679ec70967fb338c26b0b3ca46829e81ad8	1eccd13cacf247499327311d537e6138c5e4cb88
5177970	2026-09-24	Fuse Beads!	2026-10-01T13:56:21+00:00	1		0						84967679ec70967fb338c26b0b3ca46829e81ad8	1eccd13cacf247499327311d537e6138c5e4cb88
5178900	2026-09-24	Espresso Presso	2026-10-01T13:56:21+00:00	8		0						84967679ec70967fb338c26b0b3ca46829e81ad8	1eccd13cacf247499327311d537e6138c5e4cb88
5179090	2026-09-24	LIMINAL HOLE	2026-10-01T13:56:22+00:00	0		0						84967679ec70967fb338c26b0b3ca46829e81ad8	1eccd13cacf247499327311d537e6138c5e4cb88
5180590	2026-09-23	Derivation:viewer of abyss	2026-10-01T13:56:23+00:00	0		0						84967679ec70967fb338c26b0b3ca46829e81ad8	1eccd13cacf247499327311d537e6138c5e4cb88
5180680	2026-09-22	Chuomuniang	2026-10-01T13:56:23+00:00	2		0						84967679ec70967fb338c26b0b3ca46829e81ad8	1eccd13cacf247499327311d537e6138c5e4cb88
5181040	2026-09-22	Horta Maluca	2026-10-01T13:56:24+00:00	2		0						84967679ec70967fb338c26b0b3ca46829e81ad8	1eccd13cacf247499327311d537e6138c5e4cb88
5183080	2026-09-22	Blitz Jong	2026-10-01T13:56:24+00:00	7		0						84967679ec70967fb338c26b0b3ca46829e81ad8	1eccd13cacf247499327311d537e6138c5e4cb88
5183370	2026-09-22	Nuclear Bomb Disarming Simulator	2026-10-01T13:56:25+00:00	0		0						84967679ec70967fb338c26b0b3ca46829e81ad8	1eccd13cacf247499327311d537e6138c5e4cb88
5183380	2026-09-23	The Decree	2026-10-01T13:56:26+00:00	1		0						84967679ec70967fb338c26b0b3ca46829e81ad8	1eccd13cacf247499327311d537e6138c5e4cb88
5187190	2026-09-22	Trees	2026-10-01T13:56:27+00:00	0		0						84967679ec70967fb338c26b0b3ca46829e81ad8	1eccd13cacf247499327311d537e6138c5e4cb88
5187820	2026-09-23	Slime Kingdom: The Tale of the Slime That Became a Hero	2026-10-01T13:56:27+00:00	0		0						84967679ec70967fb338c26b0b3ca46829e81ad8	1eccd13cacf247499327311d537e6138c5e4cb88
5189460	2026-09-24	Strange Absurdity: DOG STAR	2026-10-01T13:56:28+00:00	0		0						84967679ec70967fb338c26b0b3ca46829e81ad8	1eccd13cacf247499327311d537e6138c5e4cb88
5189690	2026-09-24	TileCity	2026-10-01T13:56:28+00:00	0		0						84967679ec70967fb338c26b0b3ca46829e81ad8	1eccd13cacf247499327311d537e6138c5e4cb88
5190920	2026-09-24	Pixel Chess	2026-10-01T13:56:29+00:00	0		0						84967679ec70967fb338c26b0b3ca46829e81ad8	1eccd13cacf247499327311d537e6138c5e4cb88
5193930	2026-09-24	My Desktop Cultivator	2026-10-01T13:56:30+00:00	4		0						84967679ec70967fb338c26b0b3ca46829e81ad8	1eccd13cacf247499327311d537e6138c5e4cb88
5194490	2026-09-21	SVGame: Neon Arcade Collection	2026-10-01T13:56:30+00:00	1		0						84967679ec70967fb338c26b0b3ca46829e81ad8	1eccd13cacf247499327311d537e6138c5e4cb88
5194670	2026-09-23	SCORE80	2026-10-01T13:56:31+00:00	0		0						84967679ec70967fb338c26b0b3ca46829e81ad8	1eccd13cacf247499327311d537e6138c5e4cb88
5196150	2026-09-22	Beyond the Broken Veil	2026-10-01T13:56:32+00:00	0		0						84967679ec70967fb338c26b0b3ca46829e81ad8	1eccd13cacf247499327311d537e6138c5e4cb88
5196200	2026-09-24	Legend of Mallow	2026-10-01T13:56:36+00:00	10	0	1	10	31.6	26.5	25.8	26.1	84967679ec70967fb338c26b0b3ca46829e81ad8	1eccd13cacf247499327311d537e6138c5e4cb88
5197660	2026-09-22	MAGNET	2026-10-01T13:56:38+00:00	1		0						84967679ec70967fb338c26b0b3ca46829e81ad8	1eccd13cacf247499327311d537e6138c5e4cb88
5198080	2026-09-24	NebulaSky Crossing	2026-10-01T13:56:39+00:00	4		0						84967679ec70967fb338c26b0b3ca46829e81ad8	1eccd13cacf247499327311d537e6138c5e4cb88
5198550	2026-09-23	Pirate Guy 2 New Land	2026-10-01T13:56:39+00:00	8		0						84967679ec70967fb338c26b0b3ca46829e81ad8	1eccd13cacf247499327311d537e6138c5e4cb88
5198760	2026-09-24	PaoDeKuai	2026-10-01T13:56:40+00:00	6		0						84967679ec70967fb338c26b0b3ca46829e81ad8	1eccd13cacf247499327311d537e6138c5e4cb88
5205180	2026-09-24	Milky	2026-10-01T13:56:41+00:00	0		0						84967679ec70967fb338c26b0b3ca46829e81ad8	1eccd13cacf247499327311d537e6138c5e4cb88
5206420	2026-09-21	Big Sister	2026-10-01T13:56:46+00:00	50	0	1	50	158.1	132.4	145.7	69.7	84967679ec70967fb338c26b0b3ca46829e81ad8	1eccd13cacf247499327311d537e6138c5e4cb88
5206440	2026-09-24	推しファイター 〜囚われたファンを救出せよ！〜	2026-10-01T13:56:48+00:00	0		0						84967679ec70967fb338c26b0b3ca46829e81ad8	1eccd13cacf247499327311d537e6138c5e4cb88
5206820	2026-09-24	猫猫爱钓鱼 Cat Fishing	2026-10-01T13:56:49+00:00	4		0						84967679ec70967fb338c26b0b3ca46829e81ad8	1eccd13cacf247499327311d537e6138c5e4cb88
5207950	2026-09-24	Draft to Legion	2026-10-01T13:56:50+00:00	3		0						84967679ec70967fb338c26b0b3ca46829e81ad8	1eccd13cacf247499327311d537e6138c5e4cb88
5208110	2026-09-22	NEONOVA Puzzle: Blue	2026-10-01T13:56:50+00:00	0		0						84967679ec70967fb338c26b0b3ca46829e81ad8	1eccd13cacf247499327311d537e6138c5e4cb88
5209990	2026-09-22	Hover Idle: Grid Master	2026-10-01T13:56:51+00:00	2		0						84967679ec70967fb338c26b0b3ca46829e81ad8	1eccd13cacf247499327311d537e6138c5e4cb88
5212940	2026-09-23	Bunker Tidy Up	2026-10-01T13:56:54+00:00	374	0	1	374	1182.7	990.1	1270.1	2564.3	84967679ec70967fb338c26b0b3ca46829e81ad8	1eccd13cacf247499327311d537e6138c5e4cb88
5213320	2026-09-22	The Göktürk: Caravan	2026-10-01T13:56:58+00:00	8		0						84967679ec70967fb338c26b0b3ca46829e81ad8	1eccd13cacf247499327311d537e6138c5e4cb88
5213570	2026-09-22	FPV Sky - Drone Simulator	2026-10-01T13:56:59+00:00	0		0						84967679ec70967fb338c26b0b3ca46829e81ad8	1eccd13cacf247499327311d537e6138c5e4cb88
5214350	2026-09-23	Soul Monsters: Gael's Survival	2026-10-01T13:56:59+00:00	0		0						84967679ec70967fb338c26b0b3ca46829e81ad8	1eccd13cacf247499327311d537e6138c5e4cb88
5215190	2026-09-24	Potions Tidy	2026-10-01T13:57:00+00:00	1		0						84967679ec70967fb338c26b0b3ca46829e81ad8	1eccd13cacf247499327311d537e6138c5e4cb88
5218020	2026-09-23	Guhe Township Waterfall	2026-10-01T13:57:00+00:00	1		0						84967679ec70967fb338c26b0b3ca46829e81ad8	1eccd13cacf247499327311d537e6138c5e4cb88
5218170	2026-09-23	Downhill Drift	2026-10-01T13:57:01+00:00	3		0						84967679ec70967fb338c26b0b3ca46829e81ad8	1eccd13cacf247499327311d537e6138c5e4cb88
5218460	2026-09-24	ANT HELL	2026-10-01T13:57:02+00:00	3		0						84967679ec70967fb338c26b0b3ca46829e81ad8	1eccd13cacf247499327311d537e6138c5e4cb88
5218820	2026-09-24	Chronime Puzzle: Birds	2026-10-01T13:57:03+00:00	0		0						84967679ec70967fb338c26b0b3ca46829e81ad8	1eccd13cacf247499327311d537e6138c5e4cb88
5219240	2026-09-24	Thread the Wall	2026-10-01T13:57:03+00:00	0		0						84967679ec70967fb338c26b0b3ca46829e81ad8	1eccd13cacf247499327311d537e6138c5e4cb88
5220030	2026-09-24	NEON WIRE	2026-10-01T13:57:04+00:00	0		0						84967679ec70967fb338c26b0b3ca46829e81ad8	1eccd13cacf247499327311d537e6138c5e4cb88
5220360	2026-09-23	HemoSim	2026-10-01T13:57:05+00:00	1		0						84967679ec70967fb338c26b0b3ca46829e81ad8	1eccd13cacf247499327311d537e6138c5e4cb88
5222260	2026-09-23	Outbreak Horizon	2026-10-01T13:57:05+00:00	0		0						84967679ec70967fb338c26b0b3ca46829e81ad8	1eccd13cacf247499327311d537e6138c5e4cb88
5222590	2026-09-24	Forest Explorer	2026-10-01T13:57:06+00:00	3		0						84967679ec70967fb338c26b0b3ca46829e81ad8	1eccd13cacf247499327311d537e6138c5e4cb88
5222960	2026-09-23	Campfire Expedition	2026-10-01T13:57:07+00:00	0		0						84967679ec70967fb338c26b0b3ca46829e81ad8	1eccd13cacf247499327311d537e6138c5e4cb88
5223660	2026-09-23	Visual Novel: DARKENED MIRROR	2026-10-01T13:57:10+00:00	12	0	1	12	37.9	31.8	31.4	19.9	84967679ec70967fb338c26b0b3ca46829e81ad8	1eccd13cacf247499327311d537e6138c5e4cb88
5233230	2026-09-22	TamaWhere	2026-10-01T13:57:11+00:00	0		0						84967679ec70967fb338c26b0b3ca46829e81ad8	1eccd13cacf247499327311d537e6138c5e4cb88
5245970	2026-09-23	餅月	2026-10-01T13:57:12+00:00	0		0						84967679ec70967fb338c26b0b3ca46829e81ad8	1eccd13cacf247499327311d537e6138c5e4cb88
5245980	2026-09-23	ChronoLens	2026-10-01T13:57:13+00:00	1		0						84967679ec70967fb338c26b0b3ca46829e81ad8	1eccd13cacf247499327311d537e6138c5e4cb88
632950	2026-09-24	SiN Reloaded	2026-10-01T13:57:16+00:00	99	0	1	99	313.1	262.1	303.8	292.8	84967679ec70967fb338c26b0b3ca46829e81ad8	1eccd13cacf247499327311d537e6138c5e4cb88
783550	2026-09-23	Obscurity: Unknown Threat	2026-10-01T13:57:19+00:00	21	0	1	21	66.4	55.6	57.3	75.0	84967679ec70967fb338c26b0b3ca46829e81ad8	1eccd13cacf247499327311d537e6138c5e4cb88
923530	2026-09-22	RIP	2026-10-01T13:57:21+00:00	1		0						84967679ec70967fb338c26b0b3ca46829e81ad8	1eccd13cacf247499327311d537e6138c5e4cb88
1172730	2026-09-25	The Handler of Dragons	2026-10-05T13:37:16+00:00	7		0						84967679ec70967fb338c26b0b3ca46829e81ad8	195ffc847d82f509aa93fdfdb6e2ba3fae89e9b9
1232470	2026-09-25	The Aloha Bakery	2026-10-05T13:37:17+00:00	0		0						84967679ec70967fb338c26b0b3ca46829e81ad8	195ffc847d82f509aa93fdfdb6e2ba3fae89e9b9
1422940	2026-09-28	Glider Sim Deluxe – Soaring Simulator	2026-10-05T13:37:18+00:00	1		0						84967679ec70967fb338c26b0b3ca46829e81ad8	195ffc847d82f509aa93fdfdb6e2ba3fae89e9b9
1552060	2026-09-25	Sockpuppet Noir	2026-10-05T13:37:25+00:00	20	0	1	20	63.2	52.9	54.3	43.3	84967679ec70967fb338c26b0b3ca46829e81ad8	195ffc847d82f509aa93fdfdb6e2ba3fae89e9b9
1731170	2026-09-25	Space Defender: Frontier Squadron	2026-10-05T13:37:27+00:00	9		0						84967679ec70967fb338c26b0b3ca46829e81ad8	195ffc847d82f509aa93fdfdb6e2ba3fae89e9b9
1944880	2026-09-28	Drop Command	2026-10-05T13:37:33+00:00	115	0	1	115	363.7	304.4	357.0	272.2	84967679ec70967fb338c26b0b3ca46829e81ad8	195ffc847d82f509aa93fdfdb6e2ba3fae89e9b9
2123460	2026-09-27	Auto Chess Souls-棋魂之弈	2026-10-05T13:37:35+00:00	6		0						84967679ec70967fb338c26b0b3ca46829e81ad8	195ffc847d82f509aa93fdfdb6e2ba3fae89e9b9
2197690	2026-09-25	Girls vs Zombies	2026-10-05T13:37:39+00:00	25	0	1	25	79.1	66.2	69.1	60.9	84967679ec70967fb338c26b0b3ca46829e81ad8	195ffc847d82f509aa93fdfdb6e2ba3fae89e9b9
2315630	2026-09-25	Formica	2026-10-05T13:37:41+00:00	5		0						84967679ec70967fb338c26b0b3ca46829e81ad8	195ffc847d82f509aa93fdfdb6e2ba3fae89e9b9
2386200	2026-09-28	PSI: Pressure Climbing	2026-10-05T13:37:44+00:00	17	0	1	17	53.8	45.0	45.6	38.8	84967679ec70967fb338c26b0b3ca46829e81ad8	195ffc847d82f509aa93fdfdb6e2ba3fae89e9b9
2590860	2026-09-25	Monst	2026-10-05T13:37:46+00:00	0		0						84967679ec70967fb338c26b0b3ca46829e81ad8	195ffc847d82f509aa93fdfdb6e2ba3fae89e9b9
2659600	2026-09-28	Ammossum	2026-10-05T13:37:47+00:00	104	0	1	104	328.9	275.3	320.4	303.8	84967679ec70967fb338c26b0b3ca46829e81ad8	195ffc847d82f509aa93fdfdb6e2ba3fae89e9b9
2663920	2026-09-28	BATTLE MEATING	2026-10-05T13:37:50+00:00	3		0						84967679ec70967fb338c26b0b3ca46829e81ad8	195ffc847d82f509aa93fdfdb6e2ba3fae89e9b9
2750230	2026-09-27	Mega Merge	2026-10-05T13:37:51+00:00	6		0						84967679ec70967fb338c26b0b3ca46829e81ad8	195ffc847d82f509aa93fdfdb6e2ba3fae89e9b9
2756460	2026-09-25	Roguewake	2026-10-05T13:37:51+00:00	0		0						84967679ec70967fb338c26b0b3ca46829e81ad8	195ffc847d82f509aa93fdfdb6e2ba3fae89e9b9
2873060	2026-09-27	The Bell Echoes	2026-10-05T13:37:56+00:00	161	125	0						84967679ec70967fb338c26b0b3ca46829e81ad8	195ffc847d82f509aa93fdfdb6e2ba3fae89e9b9
2896630	2026-09-25	Tomboy Adventure 2	2026-10-05T13:38:01+00:00	40	0	1	40	126.5	105.9	114.6	105.3	84967679ec70967fb338c26b0b3ca46829e81ad8	195ffc847d82f509aa93fdfdb6e2ba3fae89e9b9
2936750	2026-09-25	Loki's Revenge	2026-10-05T13:38:03+00:00	2		0						84967679ec70967fb338c26b0b3ca46829e81ad8	195ffc847d82f509aa93fdfdb6e2ba3fae89e9b9
2962340	2026-09-25	Department of Collections	2026-10-05T13:38:04+00:00	1		0						84967679ec70967fb338c26b0b3ca46829e81ad8	195ffc847d82f509aa93fdfdb6e2ba3fae89e9b9
2964550	2026-09-25	VR Realms	2026-10-05T13:38:07+00:00	20	0	1	20	63.2	52.9	54.3	54.5	84967679ec70967fb338c26b0b3ca46829e81ad8	195ffc847d82f509aa93fdfdb6e2ba3fae89e9b9
2978940	2026-09-28	Sauna Simulator	2026-10-05T13:38:14+00:00	22	0	1	22	69.6	58.2	60.2	56.3	84967679ec70967fb338c26b0b3ca46829e81ad8	195ffc847d82f509aa93fdfdb6e2ba3fae89e9b9
2995260	2026-09-26	Depth Diver	2026-10-05T13:38:16+00:00	0		0						84967679ec70967fb338c26b0b3ca46829e81ad8	195ffc847d82f509aa93fdfdb6e2ba3fae89e9b9
3023020	2026-09-27	Cats in Wonderland	2026-10-05T13:38:25+00:00	19	0	1	19	60.1	50.3	51.4	65.8	84967679ec70967fb338c26b0b3ca46829e81ad8	195ffc847d82f509aa93fdfdb6e2ba3fae89e9b9
3075890	2026-09-25	Hostile Lands	2026-10-05T13:38:27+00:00	5		0						84967679ec70967fb338c26b0b3ca46829e81ad8	195ffc847d82f509aa93fdfdb6e2ba3fae89e9b9
3115490	2026-09-25	Lunar Drifter	2026-10-05T13:38:30+00:00	81	0	1	81	256.1	214.4	244.8	210.0	84967679ec70967fb338c26b0b3ca46829e81ad8	195ffc847d82f509aa93fdfdb6e2ba3fae89e9b9
3116730	2026-09-25	BIG LOOT	2026-10-05T13:38:32+00:00	6		0						84967679ec70967fb338c26b0b3ca46829e81ad8	195ffc847d82f509aa93fdfdb6e2ba3fae89e9b9
3130680	2026-09-28	BomberParty	2026-10-05T13:38:33+00:00	0		0						84967679ec70967fb338c26b0b3ca46829e81ad8	195ffc847d82f509aa93fdfdb6e2ba3fae89e9b9
3145480	2026-09-26	Whiskers on Time's Corner	2026-10-05T13:38:33+00:00	0		0						84967679ec70967fb338c26b0b3ca46829e81ad8	195ffc847d82f509aa93fdfdb6e2ba3fae89e9b9
3175050	2026-09-28	Space Cat Solitaire	2026-10-05T13:38:38+00:00	10	0	1	10	31.6	26.5	25.8	17.6	84967679ec70967fb338c26b0b3ca46829e81ad8	195ffc847d82f509aa93fdfdb6e2ba3fae89e9b9
3184640	2026-09-25	Tears of Vanfell	2026-10-05T13:38:47+00:00	31	0	1	31	98.0	82.1	87.1	60.2	84967679ec70967fb338c26b0b3ca46829e81ad8	195ffc847d82f509aa93fdfdb6e2ba3fae89e9b9
3210600	2026-09-25	The Baggage Room	2026-10-05T13:38:49+00:00	0		0						84967679ec70967fb338c26b0b3ca46829e81ad8	195ffc847d82f509aa93fdfdb6e2ba3fae89e9b9
3222640	2026-09-25	Wild West Pioneers	2026-10-05T13:38:52+00:00	380	0	1	380	1201.7	1005.9	1292.1	1298.1	84967679ec70967fb338c26b0b3ca46829e81ad8	195ffc847d82f509aa93fdfdb6e2ba3fae89e9b9
3223460	2026-09-26	Hall of Mirrors	2026-10-05T13:38:57+00:00	1		0						84967679ec70967fb338c26b0b3ca46829e81ad8	195ffc847d82f509aa93fdfdb6e2ba3fae89e9b9
3263880	2026-09-27	Project DevourSlime	2026-10-05T13:39:06+00:00	15	0	1	15	47.4	39.7	39.9	31.9	84967679ec70967fb338c26b0b3ca46829e81ad8	195ffc847d82f509aa93fdfdb6e2ba3fae89e9b9
3292310	2026-09-25	Dying Land	2026-10-05T13:39:08+00:00	2		0						84967679ec70967fb338c26b0b3ca46829e81ad8	195ffc847d82f509aa93fdfdb6e2ba3fae89e9b9
3303790	2026-09-27	Death Delivery	2026-10-05T13:39:08+00:00	5		0						84967679ec70967fb338c26b0b3ca46829e81ad8	195ffc847d82f509aa93fdfdb6e2ba3fae89e9b9
3321770	2026-09-25	Overdeveloped: Requiem	2026-10-05T13:39:09+00:00	0		0						84967679ec70967fb338c26b0b3ca46829e81ad8	195ffc847d82f509aa93fdfdb6e2ba3fae89e9b9
3354130	2026-09-25	Recurrence	2026-10-05T13:39:16+00:00	31	0	1	31	98.0	82.1	87.1	71.9	84967679ec70967fb338c26b0b3ca46829e81ad8	195ffc847d82f509aa93fdfdb6e2ba3fae89e9b9
3400590	2026-09-25	Tower of Pestilence	2026-10-05T13:39:18+00:00	8		0						84967679ec70967fb338c26b0b3ca46829e81ad8	195ffc847d82f509aa93fdfdb6e2ba3fae89e9b9
3409390	2026-09-26	Zen Beauty	2026-10-05T13:39:19+00:00	0		0						84967679ec70967fb338c26b0b3ca46829e81ad8	195ffc847d82f509aa93fdfdb6e2ba3fae89e9b9
3418160	2026-09-28	Radiotext	2026-10-05T13:39:24+00:00	62	0	1	62	196.1	164.1	183.6	135.7	84967679ec70967fb338c26b0b3ca46829e81ad8	195ffc847d82f509aa93fdfdb6e2ba3fae89e9b9
3435420	2026-09-26	Undead Exile	2026-10-05T13:39:26+00:00	0		0						84967679ec70967fb338c26b0b3ca46829e81ad8	195ffc847d82f509aa93fdfdb6e2ba3fae89e9b9
3461270	2026-09-28	XenoHaven	2026-10-05T13:39:27+00:00	5		0						84967679ec70967fb338c26b0b3ca46829e81ad8	195ffc847d82f509aa93fdfdb6e2ba3fae89e9b9
3541630	2026-09-28	HR: Human Remains	2026-10-05T13:39:30+00:00	79	0	1	79	249.8	209.1	238.3	368.7	84967679ec70967fb338c26b0b3ca46829e81ad8	195ffc847d82f509aa93fdfdb6e2ba3fae89e9b9
3557370	2026-09-26	Glamour Riot	2026-10-05T13:39:32+00:00	0		0						84967679ec70967fb338c26b0b3ca46829e81ad8	195ffc847d82f509aa93fdfdb6e2ba3fae89e9b9
3557530	2026-09-28	Bug Cleaners	2026-10-05T13:39:34+00:00	44	0	1	44	139.1	116.5	126.9	136.6	84967679ec70967fb338c26b0b3ca46829e81ad8	195ffc847d82f509aa93fdfdb6e2ba3fae89e9b9
3594090	2026-09-27	The Great Wastes	2026-10-05T13:39:40+00:00	105	0	1	105	332.0	278.0	323.7	230.1	84967679ec70967fb338c26b0b3ca46829e81ad8	195ffc847d82f509aa93fdfdb6e2ba3fae89e9b9
3630680	2026-09-27	Galaxy Critter Co.	2026-10-05T13:39:47+00:00	26	0	1	26	82.2	68.8	72.1	48.1	84967679ec70967fb338c26b0b3ca46829e81ad8	195ffc847d82f509aa93fdfdb6e2ba3fae89e9b9
3653680	2026-09-26	Versus One	2026-10-05T13:39:49+00:00	2		0						84967679ec70967fb338c26b0b3ca46829e81ad8	195ffc847d82f509aa93fdfdb6e2ba3fae89e9b9
3659140	2026-09-27	Lobstar: Arcade Version	2026-10-05T13:39:49+00:00	2		0						84967679ec70967fb338c26b0b3ca46829e81ad8	195ffc847d82f509aa93fdfdb6e2ba3fae89e9b9
3664090	2026-09-25	Wavecrashers	2026-10-05T13:39:53+00:00	74	0	1	74	234.0	195.9	222.1	152.3	84967679ec70967fb338c26b0b3ca46829e81ad8	195ffc847d82f509aa93fdfdb6e2ba3fae89e9b9
3665870	2026-09-25	Iron Stars	2026-10-05T13:39:55+00:00	0		0						84967679ec70967fb338c26b0b3ca46829e81ad8	195ffc847d82f509aa93fdfdb6e2ba3fae89e9b9
3694100	2026-09-28	Unshine Arcade	2026-10-05T13:39:58+00:00	26	0	1	26	82.2	68.8	72.1	61.2	84967679ec70967fb338c26b0b3ca46829e81ad8	195ffc847d82f509aa93fdfdb6e2ba3fae89e9b9
3715790	2026-09-25	Decklings	2026-10-05T13:40:03+00:00	54	0	1	54	170.8	142.9	158.2	124.0	84967679ec70967fb338c26b0b3ca46829e81ad8	195ffc847d82f509aa93fdfdb6e2ba3fae89e9b9
3778060	2026-09-25	Angle Of Attack	2026-10-05T13:40:05+00:00	0		0						84967679ec70967fb338c26b0b3ca46829e81ad8	195ffc847d82f509aa93fdfdb6e2ba3fae89e9b9
3778250	2026-09-26	Horde Slayer	2026-10-05T13:40:06+00:00	0		0						84967679ec70967fb338c26b0b3ca46829e81ad8	195ffc847d82f509aa93fdfdb6e2ba3fae89e9b9
3832490	2026-09-28	Antivirus Survivors 2003 Professional	2026-10-05T13:40:08+00:00	842	0	1	842	2662.6	2229.0	3042.0	3267.3	84967679ec70967fb338c26b0b3ca46829e81ad8	195ffc847d82f509aa93fdfdb6e2ba3fae89e9b9
3838520	2026-09-25	Puzzle Arcade Pals	2026-10-05T13:40:16+00:00	0		0						84967679ec70967fb338c26b0b3ca46829e81ad8	195ffc847d82f509aa93fdfdb6e2ba3fae89e9b9
3865000	2026-09-25	Neko Diary🐾 猫愿日记	2026-10-05T13:40:19+00:00	80	0	1	80	253.0	211.8	241.6	127.8	84967679ec70967fb338c26b0b3ca46829e81ad8	195ffc847d82f509aa93fdfdb6e2ba3fae89e9b9
3883580	2026-09-25	Card Conquest	2026-10-05T13:40:24+00:00	12	0	1	12	37.9	31.8	31.4	30.5	84967679ec70967fb338c26b0b3ca46829e81ad8	195ffc847d82f509aa93fdfdb6e2ba3fae89e9b9
3887120	2026-09-25	Fechtbucher	2026-10-05T13:40:26+00:00	3		0						84967679ec70967fb338c26b0b3ca46829e81ad8	195ffc847d82f509aa93fdfdb6e2ba3fae89e9b9
3903640	2026-09-25	Archipeo	2026-10-05T13:40:27+00:00	4		0						84967679ec70967fb338c26b0b3ca46829e81ad8	195ffc847d82f509aa93fdfdb6e2ba3fae89e9b9
3908240	2026-09-28	Guildream	2026-10-05T13:40:27+00:00	2		0						84967679ec70967fb338c26b0b3ca46829e81ad8	195ffc847d82f509aa93fdfdb6e2ba3fae89e9b9
3910670	2026-09-28	AE: Archeological Expedition	2026-10-05T13:40:28+00:00	1		0						84967679ec70967fb338c26b0b3ca46829e81ad8	195ffc847d82f509aa93fdfdb6e2ba3fae89e9b9
3935530	2026-09-28	Frutiger Home	2026-10-05T13:40:32+00:00	201	0	1	201	635.6	532.1	651.1	630.0	84967679ec70967fb338c26b0b3ca46829e81ad8	195ffc847d82f509aa93fdfdb6e2ba3fae89e9b9
3939990	2026-09-26	Truck Titans	2026-10-05T13:40:35+00:00	0		0						84967679ec70967fb338c26b0b3ca46829e81ad8	195ffc847d82f509aa93fdfdb6e2ba3fae89e9b9
3972410	2026-09-25	Black Cat Book Club	2026-10-05T13:40:37+00:00	40	0	1	40	126.5	105.9	114.6	191.4	84967679ec70967fb338c26b0b3ca46829e81ad8	195ffc847d82f509aa93fdfdb6e2ba3fae89e9b9
3977540	2026-09-28	Arcturus Vision Gaussian XR	2026-10-05T13:40:39+00:00	4		0						84967679ec70967fb338c26b0b3ca46829e81ad8	195ffc847d82f509aa93fdfdb6e2ba3fae89e9b9
3989550	2026-09-25	Fallosophy	2026-10-05T13:40:41+00:00	80	0	1	80	253.0	211.8	241.6	209.7	84967679ec70967fb338c26b0b3ca46829e81ad8	195ffc847d82f509aa93fdfdb6e2ba3fae89e9b9
4038570	2026-09-27	Shopping Cart Pusher	2026-10-05T13:40:43+00:00	0		0						84967679ec70967fb338c26b0b3ca46829e81ad8	195ffc847d82f509aa93fdfdb6e2ba3fae89e9b9
4067220	2026-09-25	Broken Spirit	2026-10-05T13:40:43+00:00	2		0						84967679ec70967fb338c26b0b3ca46829e81ad8	195ffc847d82f509aa93fdfdb6e2ba3fae89e9b9
4072240	2026-09-25	Woman Simulator	2026-10-05T13:40:45+00:00	393	0	1	393	1242.8	1040.4	1339.7	1167.6	84967679ec70967fb338c26b0b3ca46829e81ad8	195ffc847d82f509aa93fdfdb6e2ba3fae89e9b9
4076450	2026-09-28	Paddle Legends	2026-10-05T13:40:50+00:00	0		0						84967679ec70967fb338c26b0b3ca46829e81ad8	195ffc847d82f509aa93fdfdb6e2ba3fae89e9b9
4086480	2026-09-25	Scorched Sun	2026-10-05T13:40:52+00:00	47	0	1	47	148.6	124.4	136.3	197.0	84967679ec70967fb338c26b0b3ca46829e81ad8	195ffc847d82f509aa93fdfdb6e2ba3fae89e9b9
4118440	2026-09-25	100 Artroom Cats	2026-10-05T13:40:54+00:00	3		0						84967679ec70967fb338c26b0b3ca46829e81ad8	195ffc847d82f509aa93fdfdb6e2ba3fae89e9b9
4132030	2026-09-26	Nova Origin	2026-10-05T13:40:55+00:00	6		0						84967679ec70967fb338c26b0b3ca46829e81ad8	195ffc847d82f509aa93fdfdb6e2ba3fae89e9b9
4135890	2026-09-25	GLUE BLOCKS	2026-10-05T13:40:56+00:00	4		0						84967679ec70967fb338c26b0b3ca46829e81ad8	195ffc847d82f509aa93fdfdb6e2ba3fae89e9b9
4173620	2026-09-25	I Know a Guy: Shady Life Simulator	2026-10-05T13:40:57+00:00	112	456	0						84967679ec70967fb338c26b0b3ca46829e81ad8	195ffc847d82f509aa93fdfdb6e2ba3fae89e9b9
4174010	2026-09-28	Humanize Robotics	2026-10-05T13:40:58+00:00	2		0						84967679ec70967fb338c26b0b3ca46829e81ad8	195ffc847d82f509aa93fdfdb6e2ba3fae89e9b9
4190040	2026-09-28	病み菌少女 地雷ちゃん	2026-10-05T13:40:59+00:00	3		0						84967679ec70967fb338c26b0b3ca46829e81ad8	195ffc847d82f509aa93fdfdb6e2ba3fae89e9b9
4198430	2026-09-28	The Last Camp : Dawn	2026-10-05T13:40:59+00:00	3		0						84967679ec70967fb338c26b0b3ca46829e81ad8	195ffc847d82f509aa93fdfdb6e2ba3fae89e9b9
4244040	2026-09-25	Sector 13: Haunted Woods	2026-10-05T13:41:01+00:00	46	0	1	46	145.5	121.8	133.2	167.2	84967679ec70967fb338c26b0b3ca46829e81ad8	195ffc847d82f509aa93fdfdb6e2ba3fae89e9b9
4247840	2026-09-25	GHOSTED	2026-10-05T13:41:04+00:00	14	0	1	14	44.3	37.1	37.0	38.8	84967679ec70967fb338c26b0b3ca46829e81ad8	195ffc847d82f509aa93fdfdb6e2ba3fae89e9b9
4260270	2026-09-25	Stranded with You	2026-10-05T13:41:07+00:00	352	0	1	352	1113.1	931.8	1189.9	1218.2	84967679ec70967fb338c26b0b3ca46829e81ad8	195ffc847d82f509aa93fdfdb6e2ba3fae89e9b9
4264240	2026-09-25	King of Pickaxe	2026-10-05T13:47:14+00:00	11	0	1	11	34.8	29.1	28.6	28.4	84967679ec70967fb338c26b0b3ca46829e81ad8	195ffc847d82f509aa93fdfdb6e2ba3fae89e9b9
4268050	2026-09-28	Chains Of Clues	2026-10-05T13:47:16+00:00	0		0						84967679ec70967fb338c26b0b3ca46829e81ad8	195ffc847d82f509aa93fdfdb6e2ba3fae89e9b9
4273090	2026-09-26	Happy Pet Island	2026-10-05T13:47:19+00:00	19	0	1	19	60.1	50.3	51.4	61.1	84967679ec70967fb338c26b0b3ca46829e81ad8	195ffc847d82f509aa93fdfdb6e2ba3fae89e9b9
4273820	2026-09-26	Maritime Simulator	2026-10-05T13:47:21+00:00	1		0						84967679ec70967fb338c26b0b3ca46829e81ad8	195ffc847d82f509aa93fdfdb6e2ba3fae89e9b9
4295470	2026-09-25	YOU BECOME FROG 🐸	2026-10-05T13:47:21+00:00	5		0						84967679ec70967fb338c26b0b3ca46829e81ad8	195ffc847d82f509aa93fdfdb6e2ba3fae89e9b9
4323690	2026-09-25	CTRL+ESC	2026-10-05T13:47:22+00:00	2		0						84967679ec70967fb338c26b0b3ca46829e81ad8	195ffc847d82f509aa93fdfdb6e2ba3fae89e9b9
4345390	2026-09-25	Las 5 Celdas	2026-10-05T13:47:23+00:00	2		0						84967679ec70967fb338c26b0b3ca46829e81ad8	195ffc847d82f509aa93fdfdb6e2ba3fae89e9b9
4357300	2026-09-25	Sumo Fumble: Physics Party	2026-10-05T13:47:23+00:00	2		0						84967679ec70967fb338c26b0b3ca46829e81ad8	195ffc847d82f509aa93fdfdb6e2ba3fae89e9b9
4367910	2026-09-25	Side Quest	2026-10-05T13:47:24+00:00	1		0						84967679ec70967fb338c26b0b3ca46829e81ad8	195ffc847d82f509aa93fdfdb6e2ba3fae89e9b9
4384100	2026-09-27	Isekai Rift	2026-10-05T13:47:25+00:00	1		0						84967679ec70967fb338c26b0b3ca46829e81ad8	195ffc847d82f509aa93fdfdb6e2ba3fae89e9b9
4388860	2026-09-27	Florentum	2026-10-05T13:47:25+00:00	1		0						84967679ec70967fb338c26b0b3ca46829e81ad8	195ffc847d82f509aa93fdfdb6e2ba3fae89e9b9
4392600	2026-09-27	Surf Academy	2026-10-05T13:47:26+00:00	0		0						84967679ec70967fb338c26b0b3ca46829e81ad8	195ffc847d82f509aa93fdfdb6e2ba3fae89e9b9
4393370	2026-09-25	The Only Droid	2026-10-05T13:47:29+00:00	18	0	1	18	56.9	47.6	48.5	32.5	84967679ec70967fb338c26b0b3ca46829e81ad8	195ffc847d82f509aa93fdfdb6e2ba3fae89e9b9
4405080	2026-09-28	Island Idle RPG: Build and Conquer	2026-10-05T13:47:35+00:00	15	0	1	15	47.4	39.7	39.9	33.7	84967679ec70967fb338c26b0b3ca46829e81ad8	195ffc847d82f509aa93fdfdb6e2ba3fae89e9b9
4408710	2026-09-25	Traffic Stop Anomaly	2026-10-05T13:47:38+00:00	12	0	1	12	37.9	31.8	31.4	22.5	84967679ec70967fb338c26b0b3ca46829e81ad8	195ffc847d82f509aa93fdfdb6e2ba3fae89e9b9
4410890	2026-09-25	Oh Ship!	2026-10-05T13:47:40+00:00	2		0						84967679ec70967fb338c26b0b3ca46829e81ad8	195ffc847d82f509aa93fdfdb6e2ba3fae89e9b9
4431410	2026-09-25	Fuel Sort	2026-10-05T13:47:41+00:00	2		0						84967679ec70967fb338c26b0b3ca46829e81ad8	195ffc847d82f509aa93fdfdb6e2ba3fae89e9b9
4451740	2026-09-25	Soul Reaper: Endless Harvest	2026-10-05T13:47:42+00:00	18	0	1	18	56.9	47.6	48.5	52.8	84967679ec70967fb338c26b0b3ca46829e81ad8	195ffc847d82f509aa93fdfdb6e2ba3fae89e9b9
4452790	2026-09-28	Smiglee's Statues: The Cursed Curation	2026-10-05T13:47:44+00:00	0		0						84967679ec70967fb338c26b0b3ca46829e81ad8	195ffc847d82f509aa93fdfdb6e2ba3fae89e9b9
4452940	2026-09-26	Moon Fishies	2026-10-05T13:47:45+00:00	0		0						84967679ec70967fb338c26b0b3ca46829e81ad8	195ffc847d82f509aa93fdfdb6e2ba3fae89e9b9
4459540	2026-09-27	SS13 BAR SIM	2026-10-05T13:47:50+00:00	15	0	1	15	47.4	39.7	39.9	28.8	84967679ec70967fb338c26b0b3ca46829e81ad8	195ffc847d82f509aa93fdfdb6e2ba3fae89e9b9
4463710	2026-09-28	Altaria Online	2026-10-05T13:47:52+00:00	5		0						84967679ec70967fb338c26b0b3ca46829e81ad8	195ffc847d82f509aa93fdfdb6e2ba3fae89e9b9
4465840	2026-09-28	Zombie Survivors - last soldier -	2026-10-05T13:47:53+00:00	0		0						84967679ec70967fb338c26b0b3ca46829e81ad8	195ffc847d82f509aa93fdfdb6e2ba3fae89e9b9
4466710	2026-09-25	Trap Yuri Tempest	2026-10-05T13:47:54+00:00	43	0	1	43	136.0	113.8	123.8	85.1	84967679ec70967fb338c26b0b3ca46829e81ad8	195ffc847d82f509aa93fdfdb6e2ba3fae89e9b9
4476630	2026-09-25	Tethered To You	2026-10-05T13:47:56+00:00	6		0						84967679ec70967fb338c26b0b3ca46829e81ad8	195ffc847d82f509aa93fdfdb6e2ba3fae89e9b9
4492570	2026-09-25	Lights out, run	2026-10-05T13:47:57+00:00	0		0						84967679ec70967fb338c26b0b3ca46829e81ad8	195ffc847d82f509aa93fdfdb6e2ba3fae89e9b9
4494410	2026-09-25	Hook Line Ball	2026-10-05T13:47:57+00:00	1		0						84967679ec70967fb338c26b0b3ca46829e81ad8	195ffc847d82f509aa93fdfdb6e2ba3fae89e9b9
4504620	2026-09-28	Hacker CLIcker	2026-10-05T13:47:58+00:00	8		0						84967679ec70967fb338c26b0b3ca46829e81ad8	195ffc847d82f509aa93fdfdb6e2ba3fae89e9b9
4508540	2026-09-28	P.I.G.E.O.N.	2026-10-05T13:47:59+00:00	8		0						84967679ec70967fb338c26b0b3ca46829e81ad8	195ffc847d82f509aa93fdfdb6e2ba3fae89e9b9
4510790	2026-09-26	Kartboard Dash	2026-10-05T13:47:59+00:00	3		0						84967679ec70967fb338c26b0b3ca46829e81ad8	195ffc847d82f509aa93fdfdb6e2ba3fae89e9b9
4511900	2026-09-25	Sandwich +1	2026-10-05T13:48:01+00:00	41	0	1	41	129.7	108.5	117.7	120.6	84967679ec70967fb338c26b0b3ca46829e81ad8	195ffc847d82f509aa93fdfdb6e2ba3fae89e9b9
4524010	2026-09-28	A Maze In Labyrinth	2026-10-05T13:48:03+00:00	1		0						84967679ec70967fb338c26b0b3ca46829e81ad8	195ffc847d82f509aa93fdfdb6e2ba3fae89e9b9
4532250	2026-09-28	Space Mine Raider	2026-10-05T13:48:03+00:00	1		0						84967679ec70967fb338c26b0b3ca46829e81ad8	195ffc847d82f509aa93fdfdb6e2ba3fae89e9b9
4538680	2026-09-25	Midnight Queue	2026-10-05T13:48:04+00:00	0		0						84967679ec70967fb338c26b0b3ca46829e81ad8	195ffc847d82f509aa93fdfdb6e2ba3fae89e9b9
4541270	2026-09-28	Cards Of Calling	2026-10-05T13:48:05+00:00	0		0						84967679ec70967fb338c26b0b3ca46829e81ad8	195ffc847d82f509aa93fdfdb6e2ba3fae89e9b9
4546960	2026-09-25	My Little Hell	2026-10-05T13:48:06+00:00	4		0						84967679ec70967fb338c26b0b3ca46829e81ad8	195ffc847d82f509aa93fdfdb6e2ba3fae89e9b9
4549090	2026-09-28	Escape From Z	2026-10-05T13:48:06+00:00	1		0						84967679ec70967fb338c26b0b3ca46829e81ad8	195ffc847d82f509aa93fdfdb6e2ba3fae89e9b9
4557870	2026-09-28	It's cooked	2026-10-05T13:48:07+00:00	0		0						84967679ec70967fb338c26b0b3ca46829e81ad8	195ffc847d82f509aa93fdfdb6e2ba3fae89e9b9
4564080	2026-09-27	CrazyLobster	2026-10-05T13:48:08+00:00	0		0						84967679ec70967fb338c26b0b3ca46829e81ad8	195ffc847d82f509aa93fdfdb6e2ba3fae89e9b9
4566390	2026-09-28	CROUPIERED	2026-10-05T13:48:08+00:00	3		0						84967679ec70967fb338c26b0b3ca46829e81ad8	195ffc847d82f509aa93fdfdb6e2ba3fae89e9b9
4590880	2026-09-27	Psyche et al	2026-10-05T13:48:09+00:00	1		0						84967679ec70967fb338c26b0b3ca46829e81ad8	195ffc847d82f509aa93fdfdb6e2ba3fae89e9b9
4608820	2026-09-25	Raiders 1941	2026-10-05T13:48:10+00:00	2		0						84967679ec70967fb338c26b0b3ca46829e81ad8	195ffc847d82f509aa93fdfdb6e2ba3fae89e9b9
4610630	2026-09-27	Bearly Awesome: Chapter 1	2026-10-05T13:48:10+00:00	1		0						84967679ec70967fb338c26b0b3ca46829e81ad8	195ffc847d82f509aa93fdfdb6e2ba3fae89e9b9
4623570	2026-09-28	Deskrawl: Idle ARPG	2026-10-05T13:48:15+00:00	1584	0	1	1584	5009.0	4193.2	6005.0	6660.8	84967679ec70967fb338c26b0b3ca46829e81ad8	195ffc847d82f509aa93fdfdb6e2ba3fae89e9b9
4633320	2026-09-26	Gridhammer	2026-10-05T13:48:29+00:00	0		0						84967679ec70967fb338c26b0b3ca46829e81ad8	195ffc847d82f509aa93fdfdb6e2ba3fae89e9b9
4661020	2026-09-28	H.O.A Simulator	2026-10-05T13:48:29+00:00	1		0						84967679ec70967fb338c26b0b3ca46829e81ad8	195ffc847d82f509aa93fdfdb6e2ba3fae89e9b9
4665400	2026-09-28	Bustle Beacon	2026-10-05T13:48:30+00:00	0		0						84967679ec70967fb338c26b0b3ca46829e81ad8	195ffc847d82f509aa93fdfdb6e2ba3fae89e9b9
4669750	2026-09-28	Clawless Coin	2026-10-05T13:48:31+00:00	4		0						84967679ec70967fb338c26b0b3ca46829e81ad8	195ffc847d82f509aa93fdfdb6e2ba3fae89e9b9
4670920	2026-09-27	SMS Returns	2026-10-05T13:48:35+00:00	40	0	1	40	126.5	105.9	114.6	150.4	84967679ec70967fb338c26b0b3ca46829e81ad8	195ffc847d82f509aa93fdfdb6e2ba3fae89e9b9
4671380	2026-09-25	Scapewatch: Idle MMO	2026-10-05T13:48:38+00:00	354	0	1	354	1119.4	937.1	1197.2	1256.2	84967679ec70967fb338c26b0b3ca46829e81ad8	195ffc847d82f509aa93fdfdb6e2ba3fae89e9b9
4692190	2026-09-28	Idle Bomb Animals - Desktop Mining	2026-10-05T13:48:42+00:00	0		0						84967679ec70967fb338c26b0b3ca46829e81ad8	195ffc847d82f509aa93fdfdb6e2ba3fae89e9b9
4694270	2026-09-25	Backrooms: Code Yellow	2026-10-05T13:48:43+00:00	412	0	1	412	1302.9	1090.7	1409.6	869.1	84967679ec70967fb338c26b0b3ca46829e81ad8	195ffc847d82f509aa93fdfdb6e2ba3fae89e9b9
4708930	2026-09-28	Sarge's Horrors	2026-10-05T13:48:48+00:00	0		0						84967679ec70967fb338c26b0b3ca46829e81ad8	195ffc847d82f509aa93fdfdb6e2ba3fae89e9b9
4728140	2026-09-25	Observation Protocol	2026-10-05T13:48:49+00:00	7		0						84967679ec70967fb338c26b0b3ca46829e81ad8	195ffc847d82f509aa93fdfdb6e2ba3fae89e9b9
4735750	2026-09-25	Lexilotl: Crossword Puzzle Run	2026-10-05T13:48:50+00:00	0		0						84967679ec70967fb338c26b0b3ca46829e81ad8	195ffc847d82f509aa93fdfdb6e2ba3fae89e9b9
4740090	2026-09-25	Home D.O.	2026-10-05T13:48:50+00:00	0		0						84967679ec70967fb338c26b0b3ca46829e81ad8	195ffc847d82f509aa93fdfdb6e2ba3fae89e9b9
4767810	2026-09-28	Cancel Subscription Simulator	2026-10-05T13:48:51+00:00	1		0						84967679ec70967fb338c26b0b3ca46829e81ad8	195ffc847d82f509aa93fdfdb6e2ba3fae89e9b9
4776970	2026-09-25	Wrenny Lee: Witch-for-Hire!	2026-10-05T13:48:57+00:00	11	0	1	11	34.8	29.1	28.6	19.8	84967679ec70967fb338c26b0b3ca46829e81ad8	195ffc847d82f509aa93fdfdb6e2ba3fae89e9b9
4778540	2026-09-25	Lucid Cats	2026-10-05T13:49:04+00:00	344	0	1	344	1087.8	910.6	1160.8	929.4	84967679ec70967fb338c26b0b3ca46829e81ad8	195ffc847d82f509aa93fdfdb6e2ba3fae89e9b9
4785380	2026-09-25	Samuel Prince Attorney at Law Chapter 5	2026-10-05T13:49:08+00:00	0		0						84967679ec70967fb338c26b0b3ca46829e81ad8	195ffc847d82f509aa93fdfdb6e2ba3fae89e9b9
4798740	2026-09-26	Gemorium	2026-10-05T13:49:09+00:00	4		0						84967679ec70967fb338c26b0b3ca46829e81ad8	195ffc847d82f509aa93fdfdb6e2ba3fae89e9b9
4799380	2026-09-25	Cow Abduction Frenzy	2026-10-05T13:49:10+00:00	0		0						84967679ec70967fb338c26b0b3ca46829e81ad8	195ffc847d82f509aa93fdfdb6e2ba3fae89e9b9
4803270	2026-09-26	『スクジサマ』を巡る考察	2026-10-05T13:49:14+00:00	11	0	1	11	34.8	29.1	28.6	44.8	84967679ec70967fb338c26b0b3ca46829e81ad8	195ffc847d82f509aa93fdfdb6e2ba3fae89e9b9
4813190	2026-09-28	Camp Whittlewood	2026-10-05T13:49:25+00:00	44	0	1	44	139.1	116.5	126.9	160.5	84967679ec70967fb338c26b0b3ca46829e81ad8	195ffc847d82f509aa93fdfdb6e2ba3fae89e9b9
4819500	2026-09-26	Pinpongle	2026-10-05T13:49:28+00:00	1		0						84967679ec70967fb338c26b0b3ca46829e81ad8	195ffc847d82f509aa93fdfdb6e2ba3fae89e9b9
4823240	2026-09-25	WashMate	2026-10-05T13:49:28+00:00	0		0						84967679ec70967fb338c26b0b3ca46829e81ad8	195ffc847d82f509aa93fdfdb6e2ba3fae89e9b9
4840080	2026-09-27	Florana Defense	2026-10-05T13:49:29+00:00	5		0						84967679ec70967fb338c26b0b3ca46829e81ad8	195ffc847d82f509aa93fdfdb6e2ba3fae89e9b9
4867650	2026-09-28	TWIN Hotel, Spa and More	2026-10-05T13:49:33+00:00	31	0	1	31	98.0	82.1	87.1	68.5	84967679ec70967fb338c26b0b3ca46829e81ad8	195ffc847d82f509aa93fdfdb6e2ba3fae89e9b9
4882170	2026-09-26	Voltus' Neon Nightmare - Colossal Cure	2026-10-05T13:49:35+00:00	9		0						84967679ec70967fb338c26b0b3ca46829e81ad8	195ffc847d82f509aa93fdfdb6e2ba3fae89e9b9
4885400	2026-09-28	BOX PUSH MASTER	2026-10-05T13:49:36+00:00	0		0						84967679ec70967fb338c26b0b3ca46829e81ad8	195ffc847d82f509aa93fdfdb6e2ba3fae89e9b9
4888600	2026-09-26	Souls Runner	2026-10-05T13:49:37+00:00	0		0						84967679ec70967fb338c26b0b3ca46829e81ad8	195ffc847d82f509aa93fdfdb6e2ba3fae89e9b9
4892910	2026-09-26	Hyperboard Extreme	2026-10-05T13:49:41+00:00	50	0	1	50	158.1	132.4	145.7	176.4	84967679ec70967fb338c26b0b3ca46829e81ad8	195ffc847d82f509aa93fdfdb6e2ba3fae89e9b9
4909940	2026-09-25	Killdozer	2026-10-05T13:49:43+00:00	9		0						84967679ec70967fb338c26b0b3ca46829e81ad8	195ffc847d82f509aa93fdfdb6e2ba3fae89e9b9
4918820	2026-09-27	The Crunch Point	2026-10-05T13:49:44+00:00	0		0						84967679ec70967fb338c26b0b3ca46829e81ad8	195ffc847d82f509aa93fdfdb6e2ba3fae89e9b9
4923700	2026-09-27	Tiny Desktop Birds	2026-10-05T13:49:45+00:00	1		0						84967679ec70967fb338c26b0b3ca46829e81ad8	195ffc847d82f509aa93fdfdb6e2ba3fae89e9b9
4937300	2026-09-25	My Mysterious Creature	2026-10-05T13:49:46+00:00	0		0						84967679ec70967fb338c26b0b3ca46829e81ad8	195ffc847d82f509aa93fdfdb6e2ba3fae89e9b9
4948400	2026-09-25	Jackpot Dungeon	2026-10-05T13:49:46+00:00	0		0						84967679ec70967fb338c26b0b3ca46829e81ad8	195ffc847d82f509aa93fdfdb6e2ba3fae89e9b9
4950700	2026-09-27	Dust Rapture	2026-10-05T13:49:47+00:00	1		0						84967679ec70967fb338c26b0b3ca46829e81ad8	195ffc847d82f509aa93fdfdb6e2ba3fae89e9b9
4951720	2026-09-25	無名から伝説のアイドルへ	2026-10-05T13:49:48+00:00	0		0						84967679ec70967fb338c26b0b3ca46829e81ad8	195ffc847d82f509aa93fdfdb6e2ba3fae89e9b9
4953150	2026-09-26	Fiducia: Rent The World	2026-10-05T13:49:48+00:00	3		0						84967679ec70967fb338c26b0b3ca46829e81ad8	195ffc847d82f509aa93fdfdb6e2ba3fae89e9b9
4953310	2026-09-25	Neon Tyrant	2026-10-05T13:49:49+00:00	0		0						84967679ec70967fb338c26b0b3ca46829e81ad8	195ffc847d82f509aa93fdfdb6e2ba3fae89e9b9
4956240	2026-09-25	STAR BREW: OVEREXTRACT	2026-10-05T13:49:50+00:00	2		0						84967679ec70967fb338c26b0b3ca46829e81ad8	195ffc847d82f509aa93fdfdb6e2ba3fae89e9b9
4959570	2026-09-25	Knode: Untangle &amp; Connect	2026-10-05T13:49:57+00:00	18	0	1	18	56.9	47.6	48.5	49.5	84967679ec70967fb338c26b0b3ca46829e81ad8	195ffc847d82f509aa93fdfdb6e2ba3fae89e9b9
4961200	2026-09-28	Kret: The Game	2026-10-05T13:49:59+00:00	0		0						84967679ec70967fb338c26b0b3ca46829e81ad8	195ffc847d82f509aa93fdfdb6e2ba3fae89e9b9
4964580	2026-09-25	Museologist: Tidy Up the Museum!	2026-10-05T13:50:04+00:00	150	0	1	150	474.3	397.1	475.2	644.0	84967679ec70967fb338c26b0b3ca46829e81ad8	195ffc847d82f509aa93fdfdb6e2ba3fae89e9b9
4965510	2026-09-25	Escape Sequence	2026-10-05T13:50:07+00:00	0		0						84967679ec70967fb338c26b0b3ca46829e81ad8	195ffc847d82f509aa93fdfdb6e2ba3fae89e9b9
4966200	2026-09-25	Marrow of Y	2026-10-05T13:50:07+00:00	1		0						84967679ec70967fb338c26b0b3ca46829e81ad8	195ffc847d82f509aa93fdfdb6e2ba3fae89e9b9
4973140	2026-09-27	盗墓贼Grave digging for wealth	2026-10-05T13:50:08+00:00	0		0						84967679ec70967fb338c26b0b3ca46829e81ad8	195ffc847d82f509aa93fdfdb6e2ba3fae89e9b9
4976640	2026-09-27	Fengshen: Immortal Reborn	2026-10-05T13:50:09+00:00	5		0						84967679ec70967fb338c26b0b3ca46829e81ad8	195ffc847d82f509aa93fdfdb6e2ba3fae89e9b9
4977550	2026-09-25	Môrgan	2026-10-05T13:50:09+00:00	1		0						84967679ec70967fb338c26b0b3ca46829e81ad8	195ffc847d82f509aa93fdfdb6e2ba3fae89e9b9
4981140	2026-09-27	Desktop Gremlins	2026-10-05T13:50:10+00:00	3		0						84967679ec70967fb338c26b0b3ca46829e81ad8	195ffc847d82f509aa93fdfdb6e2ba3fae89e9b9
4983950	2026-09-28	Jousting Around	2026-10-05T13:50:11+00:00	4		0						84967679ec70967fb338c26b0b3ca46829e81ad8	195ffc847d82f509aa93fdfdb6e2ba3fae89e9b9
4986250	2026-09-27	MOCHIKA AND THE SEVEN PASTRY SINS	2026-10-05T13:50:12+00:00	1		0						84967679ec70967fb338c26b0b3ca46829e81ad8	195ffc847d82f509aa93fdfdb6e2ba3fae89e9b9
4988900	2026-09-25	Red Horizon	2026-10-05T13:50:12+00:00	1		0						84967679ec70967fb338c26b0b3ca46829e81ad8	195ffc847d82f509aa93fdfdb6e2ba3fae89e9b9
4990460	2026-09-25	Bible Quiz Trivia - Do you know your Bible?	2026-10-05T13:50:13+00:00	3		0						84967679ec70967fb338c26b0b3ca46829e81ad8	195ffc847d82f509aa93fdfdb6e2ba3fae89e9b9
4994950	2026-09-25	YOU ARE NEWTON	2026-10-05T13:50:14+00:00	0		0						84967679ec70967fb338c26b0b3ca46829e81ad8	195ffc847d82f509aa93fdfdb6e2ba3fae89e9b9
5002420	2026-09-25	The Ball Just Won't Stay Up	2026-10-05T13:50:14+00:00	5		0						84967679ec70967fb338c26b0b3ca46829e81ad8	195ffc847d82f509aa93fdfdb6e2ba3fae89e9b9
5003710	2026-09-28	Rewritten: Chasing History	2026-10-05T13:50:15+00:00	0		0						84967679ec70967fb338c26b0b3ca46829e81ad8	195ffc847d82f509aa93fdfdb6e2ba3fae89e9b9
5005850	2026-09-25	Data Survivor	2026-10-05T13:50:16+00:00	2		0						84967679ec70967fb338c26b0b3ca46829e81ad8	195ffc847d82f509aa93fdfdb6e2ba3fae89e9b9
5015290	2026-09-28	American Mahjong	2026-10-05T13:50:17+00:00	1		0						84967679ec70967fb338c26b0b3ca46829e81ad8	195ffc847d82f509aa93fdfdb6e2ba3fae89e9b9
5020950	2026-09-28	Cozy Classical Critters	2026-10-05T13:50:17+00:00	0		0						84967679ec70967fb338c26b0b3ca46829e81ad8	195ffc847d82f509aa93fdfdb6e2ba3fae89e9b9
5027080	2026-09-25	Ratcore: The Rat-Former	2026-10-05T13:50:18+00:00	1		0						84967679ec70967fb338c26b0b3ca46829e81ad8	195ffc847d82f509aa93fdfdb6e2ba3fae89e9b9
5027430	2026-09-25	梦境森林 (The Dreaming Woods)	2026-10-05T13:50:19+00:00	0		0						84967679ec70967fb338c26b0b3ca46829e81ad8	195ffc847d82f509aa93fdfdb6e2ba3fae89e9b9
5036540	2026-09-28	HAS With Friends	2026-10-05T13:50:19+00:00	0		0						84967679ec70967fb338c26b0b3ca46829e81ad8	195ffc847d82f509aa93fdfdb6e2ba3fae89e9b9
5038120	2026-09-25	Infected	2026-10-05T13:50:20+00:00	0		0						84967679ec70967fb338c26b0b3ca46829e81ad8	195ffc847d82f509aa93fdfdb6e2ba3fae89e9b9
5039120	2026-09-26	Pro Wrestling Tycoon	2026-10-05T13:50:21+00:00	1		0						84967679ec70967fb338c26b0b3ca46829e81ad8	195ffc847d82f509aa93fdfdb6e2ba3fae89e9b9
5039680	2026-09-28	Crawler 3D	2026-10-05T13:50:22+00:00	10	0	1	10	31.6	26.5	25.8	22.8	84967679ec70967fb338c26b0b3ca46829e81ad8	195ffc847d82f509aa93fdfdb6e2ba3fae89e9b9
5040300	2026-09-25	Blargle and the Quest for the Nothing Burger	2026-10-05T13:50:24+00:00	0		0						84967679ec70967fb338c26b0b3ca46829e81ad8	195ffc847d82f509aa93fdfdb6e2ba3fae89e9b9
5043180	2026-09-25	CoasterWorks	2026-10-05T13:50:26+00:00	46	0	1	46	145.5	121.8	133.2	135.3	84967679ec70967fb338c26b0b3ca46829e81ad8	195ffc847d82f509aa93fdfdb6e2ba3fae89e9b9
5045010	2026-09-25	Stella Astrum	2026-10-05T13:50:29+00:00	10	0	1	10	31.6	26.5	25.8	16.8	84967679ec70967fb338c26b0b3ca46829e81ad8	195ffc847d82f509aa93fdfdb6e2ba3fae89e9b9
5045450	2026-09-25	Immortal Chess	2026-10-05T13:50:31+00:00	12	0	1	12	37.9	31.8	31.4	36.1	84967679ec70967fb338c26b0b3ca46829e81ad8	195ffc847d82f509aa93fdfdb6e2ba3fae89e9b9
5049780	2026-09-27	World of Stars	2026-10-05T13:50:33+00:00	0		0						84967679ec70967fb338c26b0b3ca46829e81ad8	195ffc847d82f509aa93fdfdb6e2ba3fae89e9b9
5050550	2026-09-27	Ponzi Simulator	2026-10-05T13:50:34+00:00	1		0						84967679ec70967fb338c26b0b3ca46829e81ad8	195ffc847d82f509aa93fdfdb6e2ba3fae89e9b9
5050850	2026-09-28	Animation.exe	2026-10-05T13:50:35+00:00	0		0						84967679ec70967fb338c26b0b3ca46829e81ad8	195ffc847d82f509aa93fdfdb6e2ba3fae89e9b9
5052050	2026-09-25	Shrine Train	2026-10-05T13:50:35+00:00	2		0						84967679ec70967fb338c26b0b3ca46829e81ad8	195ffc847d82f509aa93fdfdb6e2ba3fae89e9b9
5054370	2026-09-27	HUMAN INTELLIGENCE	2026-10-05T13:50:36+00:00	2		0						84967679ec70967fb338c26b0b3ca46829e81ad8	195ffc847d82f509aa93fdfdb6e2ba3fae89e9b9
5058290	2026-09-25	Cursed Waters: Idle RPG	2026-10-05T13:50:37+00:00	0		0						84967679ec70967fb338c26b0b3ca46829e81ad8	195ffc847d82f509aa93fdfdb6e2ba3fae89e9b9
5058740	2026-09-28	Debt of Life	2026-10-05T13:50:38+00:00	4		0						84967679ec70967fb338c26b0b3ca46829e81ad8	195ffc847d82f509aa93fdfdb6e2ba3fae89e9b9
5062170	2026-09-27	ReFantasy Autobattler	2026-10-05T13:50:38+00:00	0		0						84967679ec70967fb338c26b0b3ca46829e81ad8	195ffc847d82f509aa93fdfdb6e2ba3fae89e9b9
5064340	2026-09-25	DinoBones: Tidy Up the Museum	2026-10-05T13:50:41+00:00	731	0	1	731	2311.6	1935.1	2612.6	2510.8	84967679ec70967fb338c26b0b3ca46829e81ad8	195ffc847d82f509aa93fdfdb6e2ba3fae89e9b9
5064960	2026-09-28	Bee on a Roll	2026-10-05T13:56:49+00:00	1		0						84967679ec70967fb338c26b0b3ca46829e81ad8	195ffc847d82f509aa93fdfdb6e2ba3fae89e9b9
5070580	2026-09-25	和子	2026-10-05T13:56:50+00:00	0		0						84967679ec70967fb338c26b0b3ca46829e81ad8	195ffc847d82f509aa93fdfdb6e2ba3fae89e9b9
5072420	2026-09-28	Off The Rocks	2026-10-05T13:56:51+00:00	0		0						84967679ec70967fb338c26b0b3ca46829e81ad8	195ffc847d82f509aa93fdfdb6e2ba3fae89e9b9
5073260	2026-09-28	A Simple Puzzle Game About Numbers	2026-10-05T13:56:52+00:00	1		0						84967679ec70967fb338c26b0b3ca46829e81ad8	195ffc847d82f509aa93fdfdb6e2ba3fae89e9b9
5075340	2026-09-27	Infinite Three Kingdoms	2026-10-05T13:57:00+00:00	10	0	1	10	31.6	26.5	25.8	39.5	84967679ec70967fb338c26b0b3ca46829e81ad8	195ffc847d82f509aa93fdfdb6e2ba3fae89e9b9
5080220	2026-09-28	Under the Earth	2026-10-05T13:57:07+00:00	14	0	1	14	44.3	37.1	37.0	40.7	84967679ec70967fb338c26b0b3ca46829e81ad8	195ffc847d82f509aa93fdfdb6e2ba3fae89e9b9
5080400	2026-09-25	Stock Car Tycoon	2026-10-05T13:57:09+00:00	0		0						84967679ec70967fb338c26b0b3ca46829e81ad8	195ffc847d82f509aa93fdfdb6e2ba3fae89e9b9
5080420	2026-09-25	Dungeon Forge	2026-10-05T13:57:10+00:00	0		0						84967679ec70967fb338c26b0b3ca46829e81ad8	195ffc847d82f509aa93fdfdb6e2ba3fae89e9b9
5081700	2026-09-27	Sylva's Blessing	2026-10-05T13:57:10+00:00	0		0						84967679ec70967fb338c26b0b3ca46829e81ad8	195ffc847d82f509aa93fdfdb6e2ba3fae89e9b9
5082440	2026-09-28	The Waiting Room	2026-10-05T13:57:11+00:00	0		0						84967679ec70967fb338c26b0b3ca46829e81ad8	195ffc847d82f509aa93fdfdb6e2ba3fae89e9b9
5088290	2026-09-28	Vinyl Store: Tidy Up!	2026-10-05T13:57:12+00:00	13	0	1	13	41.1	34.4	34.2	30.2	84967679ec70967fb338c26b0b3ca46829e81ad8	195ffc847d82f509aa93fdfdb6e2ba3fae89e9b9
5089520	2026-09-25	Hockey Fire	2026-10-05T13:57:14+00:00	1		0						84967679ec70967fb338c26b0b3ca46829e81ad8	195ffc847d82f509aa93fdfdb6e2ba3fae89e9b9
5096510	2026-09-28	Once In Sakartvelo: Out Of Service	2026-10-05T13:57:15+00:00	7		0						84967679ec70967fb338c26b0b3ca46829e81ad8	195ffc847d82f509aa93fdfdb6e2ba3fae89e9b9
5096680	2026-09-28	A Ball That Breaks Everything	2026-10-05T13:57:16+00:00	1		0						84967679ec70967fb338c26b0b3ca46829e81ad8	195ffc847d82f509aa93fdfdb6e2ba3fae89e9b9
5097340	2026-09-27	Aika Was Supposed to Die	2026-10-05T13:57:16+00:00	1		0						84967679ec70967fb338c26b0b3ca46829e81ad8	195ffc847d82f509aa93fdfdb6e2ba3fae89e9b9
5099160	2026-09-26	After School Sparkles: Complete Edition	2026-10-05T13:57:17+00:00	1		0						84967679ec70967fb338c26b0b3ca46829e81ad8	195ffc847d82f509aa93fdfdb6e2ba3fae89e9b9
5100030	2026-09-25	Center Ice Hockey	2026-10-05T13:57:21+00:00	17	0	1	17	53.8	45.0	45.6	39.4	84967679ec70967fb338c26b0b3ca46829e81ad8	195ffc847d82f509aa93fdfdb6e2ba3fae89e9b9
5101630	2026-09-28	Dwellune: A Cozy Focus Room	2026-10-05T13:57:23+00:00	0		0						84967679ec70967fb338c26b0b3ca46829e81ad8	195ffc847d82f509aa93fdfdb6e2ba3fae89e9b9
5106320	2026-09-27	Slot Heroes	2026-10-05T13:57:24+00:00	3		0						84967679ec70967fb338c26b0b3ca46829e81ad8	195ffc847d82f509aa93fdfdb6e2ba3fae89e9b9
5110280	2026-09-27	Autonom land Multiverse	2026-10-05T13:57:25+00:00	0		0						84967679ec70967fb338c26b0b3ca46829e81ad8	195ffc847d82f509aa93fdfdb6e2ba3fae89e9b9
5110620	2026-09-25	The Crooked Hand	2026-10-05T13:57:25+00:00	1		0						84967679ec70967fb338c26b0b3ca46829e81ad8	195ffc847d82f509aa93fdfdb6e2ba3fae89e9b9
5115860	2026-09-25	Smoke Keeper	2026-10-05T13:57:29+00:00	13	0	1	13	41.1	34.4	34.2	36.6	84967679ec70967fb338c26b0b3ca46829e81ad8	195ffc847d82f509aa93fdfdb6e2ba3fae89e9b9
5116270	2026-09-25	Nebula Blink	2026-10-05T13:57:31+00:00	1		0						84967679ec70967fb338c26b0b3ca46829e81ad8	195ffc847d82f509aa93fdfdb6e2ba3fae89e9b9
5116630	2026-09-28	Panda Minesweeper	2026-10-05T13:57:32+00:00	0		0						84967679ec70967fb338c26b0b3ca46829e81ad8	195ffc847d82f509aa93fdfdb6e2ba3fae89e9b9
5116690	2026-09-28	Shattered‑Realm Corridor	2026-10-05T13:57:33+00:00	2		0						84967679ec70967fb338c26b0b3ca46829e81ad8	195ffc847d82f509aa93fdfdb6e2ba3fae89e9b9
5120160	2026-09-26	Proximity	2026-10-05T13:57:39+00:00	13	0	1	13	41.1	34.4	34.2	28.8	84967679ec70967fb338c26b0b3ca46829e81ad8	195ffc847d82f509aa93fdfdb6e2ba3fae89e9b9
5121060	2026-09-28	Galactic Mayhem	2026-10-05T13:57:41+00:00	0		0						84967679ec70967fb338c26b0b3ca46829e81ad8	195ffc847d82f509aa93fdfdb6e2ba3fae89e9b9
5124550	2026-09-26	NucleoSynthetica	2026-10-05T13:57:42+00:00	0		0						84967679ec70967fb338c26b0b3ca46829e81ad8	195ffc847d82f509aa93fdfdb6e2ba3fae89e9b9
5130100	2026-09-28	Hanok: From Thatch to Palace	2026-10-05T13:57:42+00:00	0		0						84967679ec70967fb338c26b0b3ca46829e81ad8	195ffc847d82f509aa93fdfdb6e2ba3fae89e9b9
5133820	2026-09-25	Deep Trouble: A Fishing RPG	2026-10-05T13:57:43+00:00	2		0						84967679ec70967fb338c26b0b3ca46829e81ad8	195ffc847d82f509aa93fdfdb6e2ba3fae89e9b9
5135630	2026-09-27	WPG Ravelin	2026-10-05T13:57:44+00:00	0		0						84967679ec70967fb338c26b0b3ca46829e81ad8	195ffc847d82f509aa93fdfdb6e2ba3fae89e9b9
5136630	2026-09-25	CyberCowboys	2026-10-05T13:57:48+00:00	13	0	1	13	41.1	34.4	34.2	38.7	84967679ec70967fb338c26b0b3ca46829e81ad8	195ffc847d82f509aa93fdfdb6e2ba3fae89e9b9
5140650	2026-09-28	Tech Chaos	2026-10-05T13:57:50+00:00	5		0						84967679ec70967fb338c26b0b3ca46829e81ad8	195ffc847d82f509aa93fdfdb6e2ba3fae89e9b9
5141340	2026-09-25	Parallax Kaal	2026-10-05T13:57:50+00:00	0		0						84967679ec70967fb338c26b0b3ca46829e81ad8	195ffc847d82f509aa93fdfdb6e2ba3fae89e9b9
5144970	2026-09-28	Step Slash	2026-10-05T13:57:51+00:00	1		0						84967679ec70967fb338c26b0b3ca46829e81ad8	195ffc847d82f509aa93fdfdb6e2ba3fae89e9b9
5146110	2026-09-25	SweatyPanzer	2026-10-05T13:57:52+00:00	5		0						84967679ec70967fb338c26b0b3ca46829e81ad8	195ffc847d82f509aa93fdfdb6e2ba3fae89e9b9
5146200	2026-09-28	Greenhouse: Tidy Up!	2026-10-05T13:57:58+00:00	25	0	1	25	79.1	66.2	69.1	58.9	84967679ec70967fb338c26b0b3ca46829e81ad8	195ffc847d82f509aa93fdfdb6e2ba3fae89e9b9
5147730	2026-09-25	Puckey: The Puzzle Game	2026-10-05T13:58:00+00:00	1		0						84967679ec70967fb338c26b0b3ca46829e81ad8	195ffc847d82f509aa93fdfdb6e2ba3fae89e9b9
5148990	2026-09-26	Scratch Tickets With Your Friends 🎰	2026-10-05T13:58:09+00:00	95	0	1	95	300.4	251.5	290.6	140.1	84967679ec70967fb338c26b0b3ca46829e81ad8	195ffc847d82f509aa93fdfdb6e2ba3fae89e9b9
5153580	2026-09-28	Wych Ring	2026-10-05T13:58:11+00:00	4		0						84967679ec70967fb338c26b0b3ca46829e81ad8	195ffc847d82f509aa93fdfdb6e2ba3fae89e9b9
5155480	2026-09-28	Emberglade	2026-10-05T13:58:12+00:00	1		0						84967679ec70967fb338c26b0b3ca46829e81ad8	195ffc847d82f509aa93fdfdb6e2ba3fae89e9b9
5156620	2026-09-28	Chains of Eternity	2026-10-05T13:58:13+00:00	0		0						84967679ec70967fb338c26b0b3ca46829e81ad8	195ffc847d82f509aa93fdfdb6e2ba3fae89e9b9
5157620	2026-09-25	Sneaky Squad	2026-10-05T13:58:18+00:00	12	0	1	12	37.9	31.8	31.4	36.0	84967679ec70967fb338c26b0b3ca46829e81ad8	195ffc847d82f509aa93fdfdb6e2ba3fae89e9b9
5159390	2026-09-28	Arcane Eclipse: Survivors	2026-10-05T13:58:20+00:00	0		0						84967679ec70967fb338c26b0b3ca46829e81ad8	195ffc847d82f509aa93fdfdb6e2ba3fae89e9b9
5161450	2026-09-25	Dig Survivors	2026-10-05T13:58:21+00:00	0		0						84967679ec70967fb338c26b0b3ca46829e81ad8	195ffc847d82f509aa93fdfdb6e2ba3fae89e9b9
5162870	2026-09-25	Kibo to Yume	2026-10-05T13:58:22+00:00	1		0						84967679ec70967fb338c26b0b3ca46829e81ad8	195ffc847d82f509aa93fdfdb6e2ba3fae89e9b9
5165380	2026-09-25	FpsAimForge	2026-10-05T13:58:22+00:00	3		0						84967679ec70967fb338c26b0b3ca46829e81ad8	195ffc847d82f509aa93fdfdb6e2ba3fae89e9b9
5166030	2026-09-27	Star Space	2026-10-05T13:58:23+00:00	0		0						84967679ec70967fb338c26b0b3ca46829e81ad8	195ffc847d82f509aa93fdfdb6e2ba3fae89e9b9
5166980	2026-09-27	Wonderboy in Monster Land	2026-10-05T13:58:24+00:00	5		0						84967679ec70967fb338c26b0b3ca46829e81ad8	195ffc847d82f509aa93fdfdb6e2ba3fae89e9b9
5167010	2026-09-28	By Royal Request	2026-10-05T13:58:25+00:00	1		0						84967679ec70967fb338c26b0b3ca46829e81ad8	195ffc847d82f509aa93fdfdb6e2ba3fae89e9b9
5168720	2026-09-25	INVASION	2026-10-05T13:58:26+00:00	0		0						84967679ec70967fb338c26b0b3ca46829e81ad8	195ffc847d82f509aa93fdfdb6e2ba3fae89e9b9
5170210	2026-09-28	Swing Shift	2026-10-05T13:58:26+00:00	1		0						84967679ec70967fb338c26b0b3ca46829e81ad8	195ffc847d82f509aa93fdfdb6e2ba3fae89e9b9
5170400	2026-09-27	Platform Chess	2026-10-05T13:58:27+00:00	1		0						84967679ec70967fb338c26b0b3ca46829e81ad8	195ffc847d82f509aa93fdfdb6e2ba3fae89e9b9
5171770	2026-09-27	Ultimate Multiplayer Survival Engine	2026-10-05T13:58:32+00:00	25	0	1	25	79.1	66.2	69.1	87.7	84967679ec70967fb338c26b0b3ca46829e81ad8	195ffc847d82f509aa93fdfdb6e2ba3fae89e9b9
5172840	2026-09-25	Low Space Race	2026-10-05T13:58:34+00:00	1		0						84967679ec70967fb338c26b0b3ca46829e81ad8	195ffc847d82f509aa93fdfdb6e2ba3fae89e9b9
5173090	2026-09-28	MadKeys	2026-10-05T13:58:35+00:00	0		0						84967679ec70967fb338c26b0b3ca46829e81ad8	195ffc847d82f509aa93fdfdb6e2ba3fae89e9b9
5174230	2026-09-28	PixBit	2026-10-05T13:58:36+00:00	0		0						84967679ec70967fb338c26b0b3ca46829e81ad8	195ffc847d82f509aa93fdfdb6e2ba3fae89e9b9
5178500	2026-09-25	Infinite Minesweeper	2026-10-05T13:58:36+00:00	5		0						84967679ec70967fb338c26b0b3ca46829e81ad8	195ffc847d82f509aa93fdfdb6e2ba3fae89e9b9
5179240	2026-09-25	Serene Chess	2026-10-05T13:58:37+00:00	0		0						84967679ec70967fb338c26b0b3ca46829e81ad8	195ffc847d82f509aa93fdfdb6e2ba3fae89e9b9
5181690	2026-09-28	Wheelie Bin Bash	2026-10-05T13:58:38+00:00	0		0						84967679ec70967fb338c26b0b3ca46829e81ad8	195ffc847d82f509aa93fdfdb6e2ba3fae89e9b9
5181810	2026-09-25	Traders Tycoon	2026-10-05T13:58:39+00:00	1		0						84967679ec70967fb338c26b0b3ca46829e81ad8	195ffc847d82f509aa93fdfdb6e2ba3fae89e9b9
5183690	2026-09-28	Tritemple	2026-10-05T13:58:39+00:00	0		0						84967679ec70967fb338c26b0b3ca46829e81ad8	195ffc847d82f509aa93fdfdb6e2ba3fae89e9b9
5184600	2026-09-27	Love Nest ~V0.098~	2026-10-05T13:58:46+00:00	531	0	1	531	1679.2	1405.7	1852.2	1374.2	84967679ec70967fb338c26b0b3ca46829e81ad8	195ffc847d82f509aa93fdfdb6e2ba3fae89e9b9
5184740	2026-09-26	GunfireFantasy	2026-10-05T13:58:52+00:00	1		0						84967679ec70967fb338c26b0b3ca46829e81ad8	195ffc847d82f509aa93fdfdb6e2ba3fae89e9b9
5184950	2026-09-27	Inspiration Test	2026-10-05T13:58:53+00:00	0		0						84967679ec70967fb338c26b0b3ca46829e81ad8	195ffc847d82f509aa93fdfdb6e2ba3fae89e9b9
5185810	2026-09-25	One Last Machine	2026-10-05T13:58:54+00:00	0		0						84967679ec70967fb338c26b0b3ca46829e81ad8	195ffc847d82f509aa93fdfdb6e2ba3fae89e9b9
5186900	2026-09-28	Solarlapse	2026-10-05T13:58:55+00:00	0		0						84967679ec70967fb338c26b0b3ca46829e81ad8	195ffc847d82f509aa93fdfdb6e2ba3fae89e9b9
5187000	2026-09-25	CookSpiracy	2026-10-05T13:58:55+00:00	3		0						84967679ec70967fb338c26b0b3ca46829e81ad8	195ffc847d82f509aa93fdfdb6e2ba3fae89e9b9
5187330	2026-09-28	Compression Quota	2026-10-05T13:58:56+00:00	1		0						84967679ec70967fb338c26b0b3ca46829e81ad8	195ffc847d82f509aa93fdfdb6e2ba3fae89e9b9
5187640	2026-09-27	You're It!	2026-10-05T13:58:57+00:00	0		0						84967679ec70967fb338c26b0b3ca46829e81ad8	195ffc847d82f509aa93fdfdb6e2ba3fae89e9b9
5190270	2026-09-28	Low Tide Tales	2026-10-05T13:58:57+00:00	1		0						84967679ec70967fb338c26b0b3ca46829e81ad8	195ffc847d82f509aa93fdfdb6e2ba3fae89e9b9
5191000	2026-09-25	Triple Track	2026-10-05T13:58:58+00:00	0		0						84967679ec70967fb338c26b0b3ca46829e81ad8	195ffc847d82f509aa93fdfdb6e2ba3fae89e9b9
5191570	2026-09-26	Section 80	2026-10-05T13:58:59+00:00	0		0						84967679ec70967fb338c26b0b3ca46829e81ad8	195ffc847d82f509aa93fdfdb6e2ba3fae89e9b9
5191600	2026-09-25	BOOKED	2026-10-05T13:59:00+00:00	0		0						84967679ec70967fb338c26b0b3ca46829e81ad8	195ffc847d82f509aa93fdfdb6e2ba3fae89e9b9
5192490	2026-09-28	Silly Potato — Home-Run Edition	2026-10-05T13:59:00+00:00	0		0						84967679ec70967fb338c26b0b3ca46829e81ad8	195ffc847d82f509aa93fdfdb6e2ba3fae89e9b9
5194070	2026-09-28	Keep It Farming	2026-10-05T13:59:01+00:00	2		0						84967679ec70967fb338c26b0b3ca46829e81ad8	195ffc847d82f509aa93fdfdb6e2ba3fae89e9b9
5194140	2026-09-27	Crime Podcast: 1976	2026-10-05T13:59:05+00:00	10	0	1	10	31.6	26.5	25.8	33.1	84967679ec70967fb338c26b0b3ca46829e81ad8	195ffc847d82f509aa93fdfdb6e2ba3fae89e9b9
5194330	2026-09-25	AFK - Army For Keyboard	2026-10-05T13:59:15+00:00	18	0	1	18	56.9	47.6	48.5	78.5	84967679ec70967fb338c26b0b3ca46829e81ad8	195ffc847d82f509aa93fdfdb6e2ba3fae89e9b9
5194940	2026-09-28	EggDrock	2026-10-05T13:59:17+00:00	0		0						84967679ec70967fb338c26b0b3ca46829e81ad8	195ffc847d82f509aa93fdfdb6e2ba3fae89e9b9
5195170	2026-09-28	Dead Dine	2026-10-05T13:59:17+00:00	0		0						84967679ec70967fb338c26b0b3ca46829e81ad8	195ffc847d82f509aa93fdfdb6e2ba3fae89e9b9
5196090	2026-09-25	Ability Roulette - Last Round Express	2026-10-05T13:59:18+00:00	0		0						84967679ec70967fb338c26b0b3ca46829e81ad8	195ffc847d82f509aa93fdfdb6e2ba3fae89e9b9
5197060	2026-09-27	SPEED: 8.X	2026-10-05T13:59:19+00:00	0		0						84967679ec70967fb338c26b0b3ca46829e81ad8	195ffc847d82f509aa93fdfdb6e2ba3fae89e9b9
5197180	2026-09-27	フロアーⅩⅢの心象～S	2026-10-05T13:59:19+00:00	0		0						84967679ec70967fb338c26b0b3ca46829e81ad8	195ffc847d82f509aa93fdfdb6e2ba3fae89e9b9
5199900	2026-09-28	Tughra: Seals of Empire	2026-10-05T13:59:20+00:00	0		0						84967679ec70967fb338c26b0b3ca46829e81ad8	195ffc847d82f509aa93fdfdb6e2ba3fae89e9b9
5204230	2026-09-25	Makarov Math Suite	2026-10-05T13:59:21+00:00	0		0						84967679ec70967fb338c26b0b3ca46829e81ad8	195ffc847d82f509aa93fdfdb6e2ba3fae89e9b9
5205670	2026-09-25	Draft Day Sports: Pro Football 27	2026-10-05T13:59:22+00:00	1		0						84967679ec70967fb338c26b0b3ca46829e81ad8	195ffc847d82f509aa93fdfdb6e2ba3fae89e9b9
5206350	2026-09-25	高三最后300天	2026-10-05T13:59:27+00:00	73	0	1	73	230.8	193.2	218.9	176.3	84967679ec70967fb338c26b0b3ca46829e81ad8	195ffc847d82f509aa93fdfdb6e2ba3fae89e9b9
5208050	2026-09-25	Animals Race	2026-10-05T13:59:29+00:00	0		0						84967679ec70967fb338c26b0b3ca46829e81ad8	195ffc847d82f509aa93fdfdb6e2ba3fae89e9b9
5208170	2026-09-25	Catoscope	2026-10-05T13:59:30+00:00	0		0						84967679ec70967fb338c26b0b3ca46829e81ad8	195ffc847d82f509aa93fdfdb6e2ba3fae89e9b9
5211040	2026-09-28	DESIRO.	2026-10-05T13:59:31+00:00	4		0						84967679ec70967fb338c26b0b3ca46829e81ad8	195ffc847d82f509aa93fdfdb6e2ba3fae89e9b9
5213680	2026-09-27	Solitaire Together	2026-10-05T13:59:31+00:00	0		0						84967679ec70967fb338c26b0b3ca46829e81ad8	195ffc847d82f509aa93fdfdb6e2ba3fae89e9b9
5215270	2026-09-25	Brick and Banner: College Football Dynasty	2026-10-05T13:59:32+00:00	4		0						84967679ec70967fb338c26b0b3ca46829e81ad8	195ffc847d82f509aa93fdfdb6e2ba3fae89e9b9
5215920	2026-09-25	Nightmare Horror Investigation	2026-10-05T13:59:33+00:00	0		0						84967679ec70967fb338c26b0b3ca46829e81ad8	195ffc847d82f509aa93fdfdb6e2ba3fae89e9b9
5220090	2026-09-25	Cozy Farm: Tidy Up!	2026-10-05T13:59:38+00:00	61	0	1	61	192.9	161.5	180.4	270.7	84967679ec70967fb338c26b0b3ca46829e81ad8	195ffc847d82f509aa93fdfdb6e2ba3fae89e9b9
5222360	2026-09-27	Pay your Deeds	2026-10-05T13:59:40+00:00	1		0						84967679ec70967fb338c26b0b3ca46829e81ad8	195ffc847d82f509aa93fdfdb6e2ba3fae89e9b9
5223400	2026-09-27	四番旅館 The 4th Ryokan	2026-10-05T13:59:41+00:00	4		0						84967679ec70967fb338c26b0b3ca46829e81ad8	195ffc847d82f509aa93fdfdb6e2ba3fae89e9b9
5223690	2026-09-25	A Needle In A Haystack: Sorting Game	2026-10-05T13:59:48+00:00	19	0	1	19	60.1	50.3	51.4	57.9	84967679ec70967fb338c26b0b3ca46829e81ad8	195ffc847d82f509aa93fdfdb6e2ba3fae89e9b9
5224890	2026-09-25	Handball Thrill	2026-10-05T13:59:50+00:00	0		0						84967679ec70967fb338c26b0b3ca46829e81ad8	195ffc847d82f509aa93fdfdb6e2ba3fae89e9b9
5225450	2026-09-28	SET THEM UP	2026-10-05T13:59:51+00:00	1		0						84967679ec70967fb338c26b0b3ca46829e81ad8	195ffc847d82f509aa93fdfdb6e2ba3fae89e9b9
5226510	2026-09-28	Tab-lings	2026-10-05T13:59:52+00:00	0		0						84967679ec70967fb338c26b0b3ca46829e81ad8	195ffc847d82f509aa93fdfdb6e2ba3fae89e9b9
5227040	2026-09-27	Cozy Jigsaw	2026-10-05T13:59:52+00:00	2		0						84967679ec70967fb338c26b0b3ca46829e81ad8	195ffc847d82f509aa93fdfdb6e2ba3fae89e9b9
5227310	2026-09-25	GLADIATOR: Survival Simulator	2026-10-05T13:59:53+00:00	1		0						84967679ec70967fb338c26b0b3ca46829e81ad8	195ffc847d82f509aa93fdfdb6e2ba3fae89e9b9
5227600	2026-09-28	艾兰军校	2026-10-05T13:59:54+00:00	0		0						84967679ec70967fb338c26b0b3ca46829e81ad8	195ffc847d82f509aa93fdfdb6e2ba3fae89e9b9
5228300	2026-09-25	Raw Egg Peeling	2026-10-05T13:59:54+00:00	6		0						84967679ec70967fb338c26b0b3ca46829e81ad8	195ffc847d82f509aa93fdfdb6e2ba3fae89e9b9
5228650	2026-09-25	Demon Queen's Domain	2026-10-05T13:59:55+00:00	0		0						84967679ec70967fb338c26b0b3ca46829e81ad8	195ffc847d82f509aa93fdfdb6e2ba3fae89e9b9
5229670	2026-09-25	Life of a Penguin	2026-10-05T13:59:56+00:00	0		0						84967679ec70967fb338c26b0b3ca46829e81ad8	195ffc847d82f509aa93fdfdb6e2ba3fae89e9b9
5229710	2026-09-25	Core Idle TD	2026-10-05T13:59:56+00:00	1		0						84967679ec70967fb338c26b0b3ca46829e81ad8	195ffc847d82f509aa93fdfdb6e2ba3fae89e9b9
5230220	2026-09-25	Lexicon Odyssey ~~A Japanese-Learning RPG~~	2026-10-05T14:00:03+00:00	42	0	1	42	132.8	111.2	120.7	148.1	84967679ec70967fb338c26b0b3ca46829e81ad8	195ffc847d82f509aa93fdfdb6e2ba3fae89e9b9
5231550	2026-09-25	UDONGAIN	2026-10-05T14:00:05+00:00	1		0						84967679ec70967fb338c26b0b3ca46829e81ad8	195ffc847d82f509aa93fdfdb6e2ba3fae89e9b9
5233870	2026-09-27	The Daily	2026-10-05T14:00:06+00:00	0		0						84967679ec70967fb338c26b0b3ca46829e81ad8	195ffc847d82f509aa93fdfdb6e2ba3fae89e9b9
5234970	2026-09-25	Looin I	2026-10-05T14:00:07+00:00	0		0						84967679ec70967fb338c26b0b3ca46829e81ad8	195ffc847d82f509aa93fdfdb6e2ba3fae89e9b9
5236010	2026-09-25	Assassin Of Werewolf	2026-10-05T14:00:08+00:00	12	0	1	12	37.9	31.8	31.4	22.8	84967679ec70967fb338c26b0b3ca46829e81ad8	195ffc847d82f509aa93fdfdb6e2ba3fae89e9b9
5236560	2026-09-25	Tales of Treasure Island	2026-10-05T14:00:10+00:00	0		0						84967679ec70967fb338c26b0b3ca46829e81ad8	195ffc847d82f509aa93fdfdb6e2ba3fae89e9b9
5237960	2026-09-28	Approved! A Quiet Day of Paperwork	2026-10-05T14:00:11+00:00	2		0						84967679ec70967fb338c26b0b3ca46829e81ad8	195ffc847d82f509aa93fdfdb6e2ba3fae89e9b9
5239510	2026-09-28	Bomb Star Bounce	2026-10-05T14:00:12+00:00	1		0						84967679ec70967fb338c26b0b3ca46829e81ad8	195ffc847d82f509aa93fdfdb6e2ba3fae89e9b9
5239600	2026-09-28	My Zombies Are Hungry	2026-10-05T14:00:12+00:00	9		0						84967679ec70967fb338c26b0b3ca46829e81ad8	195ffc847d82f509aa93fdfdb6e2ba3fae89e9b9
5242170	2026-09-27	Horror Golf	2026-10-05T14:00:13+00:00	2		0						84967679ec70967fb338c26b0b3ca46829e81ad8	195ffc847d82f509aa93fdfdb6e2ba3fae89e9b9
5245790	2026-09-28	HOSPİTAL8	2026-10-05T14:00:14+00:00	1		0						84967679ec70967fb338c26b0b3ca46829e81ad8	195ffc847d82f509aa93fdfdb6e2ba3fae89e9b9
5246180	2026-09-28	Never Enough Corn	2026-10-05T14:00:14+00:00	9		0						84967679ec70967fb338c26b0b3ca46829e81ad8	195ffc847d82f509aa93fdfdb6e2ba3fae89e9b9
5247970	2026-09-28	Visual Novel: The Neighbor with My Face	2026-10-05T14:00:22+00:00	14	0	1	14	44.3	37.1	37.0	33.4	84967679ec70967fb338c26b0b3ca46829e81ad8	195ffc847d82f509aa93fdfdb6e2ba3fae89e9b9
5248190	2026-09-28	Hell Healers	2026-10-05T14:00:24+00:00	2		0						84967679ec70967fb338c26b0b3ca46829e81ad8	195ffc847d82f509aa93fdfdb6e2ba3fae89e9b9
